Unnamed: 0,ID,Name,Type 1,Type 2,Generation,Ability 1,Ability 2,Hidden Ability,Total,HP,Attack,Defense,Special Attack,Special Defense,Speed,Legendary,Mythical,Psuedo-Legendary
0,1,Bulbasaur,Grass,Poison,1,Overgrow,,Chlorophyll,318,45,49,49,65,65,45,False,False,False
1,2,Ivysaur,Grass,Poison,1,Overgrow,,Chlorophyll,405,60,62,63,80,80,60,False,False,False
2,3,Venusaur,Grass,Poison,1,Overgrow,,Chlorophyll,525,80,82,83,100,100,80,False,False,False
3,4,Charmander,Fire,,1,Blaze,,Solar-Power,309,39,52,43,60,50,65,False,False,False
4,5,Charmeleon,Fire,,1,Blaze,,Solar-Power,405,58,64,58,80,65,80,False,False,False
5,6,Charizard,Fire,Flying,1,Blaze,,Solar-Power,534,78,84,78,109,85,100,False,False,False
6,7,Squirtle,Water,,1,Torrent,,Rain-Dish,314,44,48,65,50,64,43,False,False,False
7,8,Wartortle,Water,,1,Torrent,,Rain-Dish,405,59,63,80,65,80,58,False,False,False
8,9,Blastoise,Water,,1,Torrent,,Rain-Dish,530,79,83,100,85,105,78,False,False,False
9,10,Caterpie,Bug,,1,Shield-Dust,,Run-Away,195,45,30,35,20,20,45,False,False,False
10,11,Metapod,Bug,,1,Shed-Skin,,,205,50,20,55,25,25,30,False,False,False
11,12,Butterfree,Bug,Flying,1,Compound-Eyes,,Tinted-Lens,395,60,45,50,90,80,70,False,False,False
12,13,Weedle,Bug,Poison,1,Shield-Dust,,Run-Away,195,40,35,30,20,20,50,False,False,False
13,14,Kakuna,Bug,Poison,1,Shed-Skin,,,205,45,25,50,25,25,35,False,False,False
14,15,Beedrill,Bug,Poison,1,Swarm,,Sniper,395,65,90,40,45,80,75,False,False,False
15,16,Pidgey,Normal,Flying,1,Keen-Eye,Tangled-Feet,Big-Pecks,251,40,45,40,35,35,56,False,False,False
16,17,Pidgeotto,Normal,Flying,1,Keen-Eye,Tangled-Feet,Big-Pecks,349,63,60,55,50,50,71,False,False,False
17,18,Pidgeot,Normal,Flying,1,Keen-Eye,Tangled-Feet,Big-Pecks,479,83,80,75,70,70,101,False,False,False
18,19,Rattata,Normal,,1,Run-Away,Guts,Hustle,253,30,56,35,25,35,72,False,False,False
19,20,Raticate,Normal,,1,Run-Away,Guts,Hustle,413,55,81,60,50,70,97,False,False,False
20,21,Spearow,Normal,Flying,1,Keen-Eye,,Sniper,262,40,60,30,31,31,70,False,False,False
21,22,Fearow,Normal,Flying,1,Keen-Eye,,Sniper,442,65,90,65,61,61,100,False,False,False
22,23,Ekans,Poison,,1,Intimidate,Shed-Skin,Unnerve,288,35,60,44,40,54,55,False,False,False
23,24,Arbok,Poison,,1,Intimidate,Shed-Skin,Unnerve,448,60,95,69,65,79,80,False,False,False
24,25,Pikachu,Electric,,1,Static,,Lightning-Rod,320,35,55,40,50,50,90,False,False,False
25,26,Raichu,Electric,,1,Static,,Lightning-Rod,485,60,90,55,90,80,110,False,False,False
26,27,Sandshrew,Ground,,1,Sand-Veil,,Sand-Rush,300,50,75,85,20,30,40,False,False,False
27,28,Sandslash,Ground,,1,Sand-Veil,,Sand-Rush,450,75,100,110,45,55,65,False,False,False
28,29,Nidoran-F,Poison,,1,Poison-Point,Rivalry,Hustle,275,55,47,52,40,40,41,False,False,False
29,30,Nidorina,Poison,,1,Poison-Point,Rivalry,Hustle,365,70,62,67,55,55,56,False,False,False
30,31,Nidoqueen,Poison,Ground,1,Poison-Point,Rivalry,Sheer-Force,505,90,92,87,75,85,76,False,False,False
31,32,Nidoran-M,Poison,,1,Poison-Point,Rivalry,Hustle,273,46,57,40,40,40,50,False,False,False
32,33,Nidorino,Poison,,1,Poison-Point,Rivalry,Hustle,365,61,72,57,55,55,65,False,False,False
33,34,Nidoking,Poison,Ground,1,Poison-Point,Rivalry,Sheer-Force,505,81,102,77,85,75,85,False,False,False
34,35,Clefairy,Fairy,,1,Cute-Charm,Magic-Guard,Friend-Guard,323,70,45,48,60,65,35,False,False,False
35,36,Clefable,Fairy,,1,Cute-Charm,Magic-Guard,Unaware,483,95,70,73,95,90,60,False,False,False
36,37,Vulpix,Fire,,1,Flash-Fire,,Drought,299,38,41,40,50,65,65,False,False,False
37,38,Ninetales,Fire,,1,Flash-Fire,,Drought,505,73,76,75,81,100,100,False,False,False
38,39,Jigglypuff,Normal,Fairy,1,Cute-Charm,Competitive,Friend-Guard,270,115,45,20,45,25,20,False,False,False
39,40,Wigglytuff,Normal,Fairy,1,Cute-Charm,Competitive,Frisk,435,140,70,45,85,50,45,False,False,False
40,41,Zubat,Poison,Flying,1,Inner-Focus,,Infiltrator,245,40,45,35,30,40,55,False,False,False
41,42,Golbat,Poison,Flying,1,Inner-Focus,,Infiltrator,455,75,80,70,65,75,90,False,False,False
42,43,Oddish,Grass,Poison,1,Chlorophyll,,Run-Away,320,45,50,55,75,65,30,False,False,False
43,44,Gloom,Grass,Poison,1,Chlorophyll,,Stench,395,60,65,70,85,75,40,False,False,False
44,45,Vileplume,Grass,Poison,1,Chlorophyll,,Effect-Spore,490,75,80,85,110,90,50,False,False,False
45,46,Paras,Bug,Grass,1,Effect-Spore,Dry-Skin,Damp,285,35,70,55,45,55,25,False,False,False
46,47,Parasect,Bug,Grass,1,Effect-Spore,Dry-Skin,Damp,405,60,95,80,60,80,30,False,False,False
47,48,Venonat,Bug,Poison,1,Compound-Eyes,Tinted-Lens,Run-Away,305,60,55,50,40,55,45,False,False,False
48,49,Venomoth,Bug,Poison,1,Shield-Dust,Tinted-Lens,Wonder-Skin,450,70,65,60,90,75,90,False,False,False
49,50,Diglett,Ground,,1,Sand-Veil,Arena-Trap,Sand-Force,265,10,55,25,35,45,95,False,False,False
50,51,Dugtrio,Ground,,1,Sand-Veil,Arena-Trap,Sand-Force,425,35,100,50,50,70,120,False,False,False
51,52,Meowth,Normal,,1,Pickup,Technician,Unnerve,290,40,45,35,40,40,90,False,False,False
52,53,Persian,Normal,,1,Limber,Technician,Unnerve,440,65,70,60,65,65,115,False,False,False
53,54,Psyduck,Water,,1,Damp,Cloud-Nine,Swift-Swim,320,50,52,48,65,50,55,False,False,False
54,55,Golduck,Water,,1,Damp,Cloud-Nine,Swift-Swim,500,80,82,78,95,80,85,False,False,False
55,56,Mankey,Fighting,,1,Vital-Spirit,Anger-Point,Defiant,305,40,80,35,35,45,70,False,False,False
56,57,Primeape,Fighting,,1,Vital-Spirit,Anger-Point,Defiant,455,65,105,60,60,70,95,False,False,False
57,58,Growlithe,Fire,,1,Intimidate,Flash-Fire,Justified,350,55,70,45,70,50,60,False,False,False
58,59,Arcanine,Fire,,1,Intimidate,Flash-Fire,Justified,555,90,110,80,100,80,95,False,False,False
59,60,Poliwag,Water,,1,Water-Absorb,Damp,Swift-Swim,300,40,50,40,40,40,90,False,False,False
60,61,Poliwhirl,Water,,1,Water-Absorb,Damp,Swift-Swim,385,65,65,65,50,50,90,False,False,False
61,62,Poliwrath,Water,Fighting,1,Water-Absorb,Damp,Swift-Swim,510,90,95,95,70,90,70,False,False,False
62,63,Abra,Psychic,,1,Synchronize,Inner-Focus,Magic-Guard,310,25,20,15,105,55,90,False,False,False
63,64,Kadabra,Psychic,,1,Synchronize,Inner-Focus,Magic-Guard,400,40,35,30,120,70,105,False,False,False
64,65,Alakazam,Psychic,,1,Synchronize,Inner-Focus,Magic-Guard,500,55,50,45,135,95,120,False,False,False
65,66,Machop,Fighting,,1,Guts,No-Guard,Steadfast,305,70,80,50,35,35,35,False,False,False
66,67,Machoke,Fighting,,1,Guts,No-Guard,Steadfast,405,80,100,70,50,60,45,False,False,False
67,68,Machamp,Fighting,,1,Guts,No-Guard,Steadfast,505,90,130,80,65,85,55,False,False,False
68,69,Bellsprout,Grass,Poison,1,Chlorophyll,,Gluttony,300,50,75,35,70,30,40,False,False,False
69,70,Weepinbell,Grass,Poison,1,Chlorophyll,,Gluttony,390,65,90,50,85,45,55,False,False,False
70,71,Victreebel,Grass,Poison,1,Chlorophyll,,Gluttony,490,80,105,65,100,70,70,False,False,False
71,72,Tentacool,Water,Poison,1,Clear-Body,Liquid-Ooze,Rain-Dish,335,40,40,35,50,100,70,False,False,False
72,73,Tentacruel,Water,Poison,1,Clear-Body,Liquid-Ooze,Rain-Dish,515,80,70,65,80,120,100,False,False,False
73,74,Geodude,Rock,Ground,1,Rock-Head,Sturdy,Sand-Veil,300,40,80,100,30,30,20,False,False,False
74,75,Graveler,Rock,Ground,1,Rock-Head,Sturdy,Sand-Veil,390,55,95,115,45,45,35,False,False,False
75,76,Golem,Rock,Ground,1,Rock-Head,Sturdy,Sand-Veil,495,80,120,130,55,65,45,False,False,False
76,77,Ponyta,Fire,,1,Run-Away,Flash-Fire,Flame-Body,410,50,85,55,65,65,90,False,False,False
77,78,Rapidash,Fire,,1,Run-Away,Flash-Fire,Flame-Body,500,65,100,70,80,80,105,False,False,False
78,79,Slowpoke,Water,Psychic,1,Oblivious,Own-Tempo,Regenerator,315,90,65,65,40,40,15,False,False,False
79,80,Slowbro,Water,Psychic,1,Oblivious,Own-Tempo,Regenerator,490,95,75,110,100,80,30,False,False,False
80,81,Magnemite,Electric,Steel,1,Magnet-Pull,Sturdy,Analytic,325,25,35,70,95,55,45,False,False,False
81,82,Magneton,Electric,Steel,1,Magnet-Pull,Sturdy,Analytic,465,50,60,95,120,70,70,False,False,False
82,83,Farfetchd,Normal,Flying,1,Keen-Eye,Inner-Focus,Defiant,377,52,90,55,58,62,60,False,False,False
83,84,Doduo,Normal,Flying,1,Run-Away,Early-Bird,Tangled-Feet,310,35,85,45,35,35,75,False,False,False
84,85,Dodrio,Normal,Flying,1,Run-Away,Early-Bird,Tangled-Feet,470,60,110,70,60,60,110,False,False,False
85,86,Seel,Water,,1,Thick-Fat,Hydration,Ice-Body,325,65,45,55,45,70,45,False,False,False
86,87,Dewgong,Water,Ice,1,Thick-Fat,Hydration,Ice-Body,475,90,70,80,70,95,70,False,False,False
87,88,Grimer,Poison,,1,Stench,Sticky-Hold,Poison-Touch,325,80,80,50,40,50,25,False,False,False
88,89,Muk,Poison,,1,Stench,Sticky-Hold,Poison-Touch,500,105,105,75,65,100,50,False,False,False
89,90,Shellder,Water,,1,Shell-Armor,Skill-Link,Overcoat,305,30,65,100,45,25,40,False,False,False
90,91,Cloyster,Water,Ice,1,Shell-Armor,Skill-Link,Overcoat,525,50,95,180,85,45,70,False,False,False
91,92,Gastly,Ghost,Poison,1,Levitate,,,310,30,35,30,100,35,80,False,False,False
92,93,Haunter,Ghost,Poison,1,Levitate,,,405,45,50,45,115,55,95,False,False,False
93,94,Gengar,Ghost,Poison,1,Cursed-Body,,,500,60,65,60,130,75,110,False,False,False
94,95,Onix,Rock,Ground,1,Rock-Head,Sturdy,Weak-Armor,385,35,45,160,30,45,70,False,False,False
95,96,Drowzee,Psychic,,1,Insomnia,Forewarn,Inner-Focus,328,60,48,45,43,90,42,False,False,False
96,97,Hypno,Psychic,,1,Insomnia,Forewarn,Inner-Focus,483,85,73,70,73,115,67,False,False,False
97,98,Krabby,Water,,1,Hyper-Cutter,Shell-Armor,Sheer-Force,325,30,105,90,25,25,50,False,False,False
98,99,Kingler,Water,,1,Hyper-Cutter,Shell-Armor,Sheer-Force,475,55,130,115,50,50,75,False,False,False
99,100,Voltorb,Electric,,1,Soundproof,Static,Aftermath,330,40,30,50,55,55,100,False,False,False
100,101,Electrode,Electric,,1,Soundproof,Static,Aftermath,490,60,50,70,80,80,150,False,False,False
101,102,Exeggcute,Grass,Psychic,1,Chlorophyll,,Harvest,325,60,40,80,60,45,40,False,False,False
102,103,Exeggutor,Grass,Psychic,1,Chlorophyll,,Harvest,530,95,95,85,125,75,55,False,False,False
103,104,Cubone,Ground,,1,Rock-Head,Lightning-Rod,Battle-Armor,320,50,50,95,40,50,35,False,False,False
104,105,Marowak,Ground,,1,Rock-Head,Lightning-Rod,Battle-Armor,425,60,80,110,50,80,45,False,False,False
105,106,Hitmonlee,Fighting,,1,Limber,Reckless,Unburden,455,50,120,53,35,110,87,False,False,False
106,107,Hitmonchan,Fighting,,1,Keen-Eye,Iron-Fist,Inner-Focus,455,50,105,79,35,110,76,False,False,False
107,108,Lickitung,Normal,,1,Own-Tempo,Oblivious,Cloud-Nine,385,90,55,75,60,75,30,False,False,False
108,109,Koffing,Poison,,1,Levitate,Neutralizing-Gas,Stench,340,40,65,95,60,45,35,False,False,False
109,110,Weezing,Poison,,1,Levitate,Neutralizing-Gas,Stench,490,65,90,120,85,70,60,False,False,False
110,111,Rhyhorn,Ground,Rock,1,Lightning-Rod,Rock-Head,Reckless,345,80,85,95,30,30,25,False,False,False
111,112,Rhydon,Ground,Rock,1,Lightning-Rod,Rock-Head,Reckless,485,105,130,120,45,45,40,False,False,False
112,113,Chansey,Normal,,1,Natural-Cure,Serene-Grace,Healer,450,250,5,5,35,105,50,False,False,False
113,114,Tangela,Grass,,1,Chlorophyll,Leaf-Guard,Regenerator,435,65,55,115,100,40,60,False,False,False
114,115,Kangaskhan,Normal,,1,Early-Bird,Scrappy,Inner-Focus,490,105,95,80,40,80,90,False,False,False
115,116,Horsea,Water,,1,Swift-Swim,Sniper,Damp,295,30,40,70,70,25,60,False,False,False
116,117,Seadra,Water,,1,Poison-Point,Sniper,Damp,440,55,65,95,95,45,85,False,False,False
117,118,Goldeen,Water,,1,Swift-Swim,Water-Veil,Lightning-Rod,320,45,67,60,35,50,63,False,False,False
118,119,Seaking,Water,,1,Swift-Swim,Water-Veil,Lightning-Rod,450,80,92,65,65,80,68,False,False,False
119,120,Staryu,Water,,1,Illuminate,Natural-Cure,Analytic,340,30,45,55,70,55,85,False,False,False
120,121,Starmie,Water,Psychic,1,Illuminate,Natural-Cure,Analytic,520,60,75,85,100,85,115,False,False,False
121,122,Mr-Mime,Psychic,Fairy,1,Soundproof,Filter,Technician,460,40,45,65,100,120,90,False,False,False
122,123,Scyther,Bug,Flying,1,Swarm,Technician,Steadfast,500,70,110,80,55,80,105,False,False,False
123,124,Jynx,Ice,Psychic,1,Oblivious,Forewarn,Dry-Skin,455,65,50,35,115,95,95,False,False,False
124,125,Electabuzz,Electric,,1,Static,,Vital-Spirit,490,65,83,57,95,85,105,False,False,False
125,126,Magmar,Fire,,1,Flame-Body,,Vital-Spirit,495,65,95,57,100,85,93,False,False,False
126,127,Pinsir,Bug,,1,Hyper-Cutter,Mold-Breaker,Moxie,500,65,125,100,55,70,85,False,False,False
127,128,Tauros,Normal,,1,Intimidate,Anger-Point,Sheer-Force,490,75,100,95,40,70,110,False,False,False
128,129,Magikarp,Water,,1,Swift-Swim,,Rattled,200,20,10,55,15,20,80,False,False,False
129,130,Gyarados,Water,Flying,1,Intimidate,,Moxie,540,95,125,79,60,100,81,False,False,False
130,131,Lapras,Water,Ice,1,Water-Absorb,Shell-Armor,Hydration,535,130,85,80,85,95,60,False,False,False
131,132,Ditto,Normal,,1,Limber,,Imposter,288,48,48,48,48,48,48,False,False,False
132,133,Eevee,Normal,,1,Run-Away,Adaptability,Anticipation,325,55,55,50,45,65,55,False,False,False
133,134,Vaporeon,Water,,1,Water-Absorb,,Hydration,525,130,65,60,110,95,65,False,False,False
134,135,Jolteon,Electric,,1,Volt-Absorb,,Quick-Feet,525,65,65,60,110,95,130,False,False,False
135,136,Flareon,Fire,,1,Flash-Fire,,Guts,525,65,130,60,95,110,65,False,False,False
136,137,Porygon,Normal,,1,Trace,Download,Analytic,395,65,60,70,85,75,40,False,False,False
137,138,Omanyte,Rock,Water,1,Swift-Swim,Shell-Armor,Weak-Armor,355,35,40,100,90,55,35,False,False,False
138,139,Omastar,Rock,Water,1,Swift-Swim,Shell-Armor,Weak-Armor,495,70,60,125,115,70,55,False,False,False
139,140,Kabuto,Rock,Water,1,Swift-Swim,Battle-Armor,Weak-Armor,355,30,80,90,55,45,55,False,False,False
140,141,Kabutops,Rock,Water,1,Swift-Swim,Battle-Armor,Weak-Armor,495,60,115,105,65,70,80,False,False,False
141,142,Aerodactyl,Rock,Flying,1,Rock-Head,Pressure,Unnerve,515,80,105,65,60,75,130,False,False,False
142,143,Snorlax,Normal,,1,Immunity,Thick-Fat,Gluttony,540,160,110,65,65,110,30,False,False,False
143,144,Articuno,Ice,Flying,1,Pressure,,Snow-Cloak,580,90,85,100,95,125,85,True,False,False
144,145,Zapdos,Electric,Flying,1,Pressure,,Static,580,90,90,85,125,90,100,True,False,False
145,146,Moltres,Fire,Flying,1,Pressure,,Flame-Body,580,90,100,90,125,85,90,True,False,False
146,147,Dratini,Dragon,,1,Shed-Skin,,Marvel-Scale,300,41,64,45,50,50,50,False,False,False
147,148,Dragonair,Dragon,,1,Shed-Skin,,Marvel-Scale,420,61,84,65,70,70,70,False,False,False
148,149,Dragonite,Dragon,Flying,1,Inner-Focus,,Multiscale,600,91,134,95,100,100,80,False,False,True
149,150,Mewtwo,Psychic,,1,Pressure,,Unnerve,680,106,110,90,154,90,130,True,False,False
150,151,Mew,Psychic,,1,Synchronize,,,600,100,100,100,100,100,100,False,True,False
151,152,Chikorita,Grass,,2,Overgrow,,Leaf-Guard,318,45,49,65,49,65,45,False,False,False
152,153,Bayleef,Grass,,2,Overgrow,,Leaf-Guard,405,60,62,80,63,80,60,False,False,False
153,154,Meganium,Grass,,2,Overgrow,,Leaf-Guard,525,80,82,100,83,100,80,False,False,False
154,155,Cyndaquil,Fire,,2,Blaze,,Flash-Fire,309,39,52,43,60,50,65,False,False,False
155,156,Quilava,Fire,,2,Blaze,,Flash-Fire,405,58,64,58,80,65,80,False,False,False
156,157,Typhlosion,Fire,,2,Blaze,,Flash-Fire,534,78,84,78,109,85,100,False,False,False
157,158,Totodile,Water,,2,Torrent,,Sheer-Force,314,50,65,64,44,48,43,False,False,False
158,159,Croconaw,Water,,2,Torrent,,Sheer-Force,405,65,80,80,59,63,58,False,False,False
159,160,Feraligatr,Water,,2,Torrent,,Sheer-Force,530,85,105,100,79,83,78,False,False,False
160,161,Sentret,Normal,,2,Run-Away,Keen-Eye,Frisk,215,35,46,34,35,45,20,False,False,False
161,162,Furret,Normal,,2,Run-Away,Keen-Eye,Frisk,415,85,76,64,45,55,90,False,False,False
162,163,Hoothoot,Normal,Flying,2,Insomnia,Keen-Eye,Tinted-Lens,262,60,30,30,36,56,50,False,False,False
163,164,Noctowl,Normal,Flying,2,Insomnia,Keen-Eye,Tinted-Lens,452,100,50,50,86,96,70,False,False,False
164,165,Ledyba,Bug,Flying,2,Swarm,Early-Bird,Rattled,265,40,20,30,40,80,55,False,False,False
165,166,Ledian,Bug,Flying,2,Swarm,Early-Bird,Iron-Fist,390,55,35,50,55,110,85,False,False,False
166,167,Spinarak,Bug,Poison,2,Swarm,Insomnia,Sniper,250,40,60,40,40,40,30,False,False,False
167,168,Ariados,Bug,Poison,2,Swarm,Insomnia,Sniper,400,70,90,70,60,70,40,False,False,False
168,169,Crobat,Poison,Flying,2,Inner-Focus,,Infiltrator,535,85,90,80,70,80,130,False,False,False
169,170,Chinchou,Water,Electric,2,Volt-Absorb,Illuminate,Water-Absorb,330,75,38,38,56,56,67,False,False,False
170,171,Lanturn,Water,Electric,2,Volt-Absorb,Illuminate,Water-Absorb,460,125,58,58,76,76,67,False,False,False
171,172,Pichu,Electric,,2,Static,,Lightning-Rod,205,20,40,15,35,35,60,False,False,False
172,173,Cleffa,Fairy,,2,Cute-Charm,Magic-Guard,Friend-Guard,218,50,25,28,45,55,15,False,False,False
173,174,Igglybuff,Normal,Fairy,2,Cute-Charm,Competitive,Friend-Guard,210,90,30,15,40,20,15,False,False,False
174,175,Togepi,Fairy,,2,Hustle,Serene-Grace,Super-Luck,245,35,20,65,40,65,20,False,False,False
175,176,Togetic,Fairy,Flying,2,Hustle,Serene-Grace,Super-Luck,405,55,40,85,80,105,40,False,False,False
176,177,Natu,Psychic,Flying,2,Synchronize,Early-Bird,Magic-Bounce,320,40,50,45,70,45,70,False,False,False
177,178,Xatu,Psychic,Flying,2,Synchronize,Early-Bird,Magic-Bounce,470,65,75,70,95,70,95,False,False,False
178,179,Mareep,Electric,,2,Static,,Plus,280,55,40,40,65,45,35,False,False,False
179,180,Flaaffy,Electric,,2,Static,,Plus,365,70,55,55,80,60,45,False,False,False
180,181,Ampharos,Electric,,2,Static,,Plus,510,90,75,85,115,90,55,False,False,False
181,182,Bellossom,Grass,,2,Chlorophyll,,Healer,490,75,80,95,90,100,50,False,False,False
182,183,Marill,Water,Fairy,2,Thick-Fat,Huge-Power,Sap-Sipper,250,70,20,50,20,50,40,False,False,False
183,184,Azumarill,Water,Fairy,2,Thick-Fat,Huge-Power,Sap-Sipper,420,100,50,80,60,80,50,False,False,False
184,185,Sudowoodo,Rock,,2,Sturdy,Rock-Head,Rattled,410,70,100,115,30,65,30,False,False,False
185,186,Politoed,Water,,2,Water-Absorb,Damp,Drizzle,500,90,75,75,90,100,70,False,False,False
186,187,Hoppip,Grass,Flying,2,Chlorophyll,Leaf-Guard,Infiltrator,250,35,35,40,35,55,50,False,False,False
187,188,Skiploom,Grass,Flying,2,Chlorophyll,Leaf-Guard,Infiltrator,340,55,45,50,45,65,80,False,False,False
188,189,Jumpluff,Grass,Flying,2,Chlorophyll,Leaf-Guard,Infiltrator,460,75,55,70,55,95,110,False,False,False
189,190,Aipom,Normal,,2,Run-Away,Pickup,Skill-Link,360,55,70,55,40,55,85,False,False,False
190,191,Sunkern,Grass,,2,Chlorophyll,Solar-Power,Early-Bird,180,30,30,30,30,30,30,False,False,False
191,192,Sunflora,Grass,,2,Chlorophyll,Solar-Power,Early-Bird,425,75,75,55,105,85,30,False,False,False
192,193,Yanma,Bug,Flying,2,Speed-Boost,Compound-Eyes,Frisk,390,65,65,45,75,45,95,False,False,False
193,194,Wooper,Water,Ground,2,Damp,Water-Absorb,Unaware,210,55,45,45,25,25,15,False,False,False
194,195,Quagsire,Water,Ground,2,Damp,Water-Absorb,Unaware,430,95,85,85,65,65,35,False,False,False
195,196,Espeon,Psychic,,2,Synchronize,,Magic-Bounce,525,65,65,60,130,95,110,False,False,False
196,197,Umbreon,Dark,,2,Synchronize,,Inner-Focus,525,95,65,110,60,130,65,False,False,False
197,198,Murkrow,Dark,Flying,2,Insomnia,Super-Luck,Prankster,405,60,85,42,85,42,91,False,False,False
198,199,Slowking,Water,Psychic,2,Oblivious,Own-Tempo,Regenerator,490,95,75,80,100,110,30,False,False,False
199,200,Misdreavus,Ghost,,2,Levitate,,,435,60,60,60,85,85,85,False,False,False
200,201,Unown,Psychic,,2,Levitate,,,336,48,72,48,72,48,48,False,False,False
201,202,Wobbuffet,Psychic,,2,Shadow-Tag,,Telepathy,405,190,33,58,33,58,33,False,False,False
202,203,Girafarig,Normal,Psychic,2,Inner-Focus,Early-Bird,Sap-Sipper,455,70,80,65,90,65,85,False,False,False
203,204,Pineco,Bug,,2,Sturdy,,Overcoat,290,50,65,90,35,35,15,False,False,False
204,205,Forretress,Bug,Steel,2,Sturdy,,Overcoat,465,75,90,140,60,60,40,False,False,False
205,206,Dunsparce,Normal,,2,Serene-Grace,Run-Away,Rattled,415,100,70,70,65,65,45,False,False,False
206,207,Gligar,Ground,Flying,2,Hyper-Cutter,Sand-Veil,Immunity,430,65,75,105,35,65,85,False,False,False
207,208,Steelix,Steel,Ground,2,Rock-Head,Sturdy,Sheer-Force,510,75,85,200,55,65,30,False,False,False
208,209,Snubbull,Fairy,,2,Intimidate,Run-Away,Rattled,300,60,80,50,40,40,30,False,False,False
209,210,Granbull,Fairy,,2,Intimidate,Quick-Feet,Rattled,450,90,120,75,60,60,45,False,False,False
210,211,Qwilfish,Water,Poison,2,Poison-Point,Swift-Swim,Intimidate,440,65,95,85,55,55,85,False,False,False
211,212,Scizor,Bug,Steel,2,Swarm,Technician,Light-Metal,500,70,130,100,55,80,65,False,False,False
212,213,Shuckle,Bug,Rock,2,Sturdy,Gluttony,Contrary,505,20,10,230,10,230,5,False,False,False
213,214,Heracross,Bug,Fighting,2,Swarm,Guts,Moxie,500,80,125,75,40,95,85,False,False,False
214,215,Sneasel,Dark,Ice,2,Inner-Focus,Keen-Eye,Pickpocket,430,55,95,55,35,75,115,False,False,False
215,216,Teddiursa,Normal,,2,Pickup,Quick-Feet,Honey-Gather,330,60,80,50,50,50,40,False,False,False
216,217,Ursaring,Normal,,2,Guts,Quick-Feet,Unnerve,500,90,130,75,75,75,55,False,False,False
217,218,Slugma,Fire,,2,Magma-Armor,Flame-Body,Weak-Armor,250,40,40,40,70,40,20,False,False,False
218,219,Magcargo,Fire,Rock,2,Magma-Armor,Flame-Body,Weak-Armor,430,60,50,120,90,80,30,False,False,False
219,220,Swinub,Ice,Ground,2,Oblivious,Snow-Cloak,Thick-Fat,250,50,50,40,30,30,50,False,False,False
220,221,Piloswine,Ice,Ground,2,Oblivious,Snow-Cloak,Thick-Fat,450,100,100,80,60,60,50,False,False,False
221,222,Corsola,Water,Rock,2,Hustle,Natural-Cure,Regenerator,410,65,55,95,65,95,35,False,False,False
222,223,Remoraid,Water,,2,Hustle,Sniper,Moody,300,35,65,35,65,35,65,False,False,False
223,224,Octillery,Water,,2,Suction-Cups,Sniper,Moody,480,75,105,75,105,75,45,False,False,False
224,225,Delibird,Ice,Flying,2,Vital-Spirit,Hustle,Insomnia,330,45,55,45,65,45,75,False,False,False
225,226,Mantine,Water,Flying,2,Swift-Swim,Water-Absorb,Water-Veil,485,85,40,70,80,140,70,False,False,False
226,227,Skarmory,Steel,Flying,2,Keen-Eye,Sturdy,Weak-Armor,465,65,80,140,40,70,70,False,False,False
227,228,Houndour,Dark,Fire,2,Early-Bird,Flash-Fire,Unnerve,330,45,60,30,80,50,65,False,False,False
228,229,Houndoom,Dark,Fire,2,Early-Bird,Flash-Fire,Unnerve,500,75,90,50,110,80,95,False,False,False
229,230,Kingdra,Water,Dragon,2,Swift-Swim,Sniper,Damp,540,75,95,95,95,95,85,False,False,False
230,231,Phanpy,Ground,,2,Pickup,,Sand-Veil,330,90,60,60,40,40,40,False,False,False
231,232,Donphan,Ground,,2,Sturdy,,Sand-Veil,500,90,120,120,60,60,50,False,False,False
232,233,Porygon2,Normal,,2,Trace,Download,Analytic,515,85,80,90,105,95,60,False,False,False
233,234,Stantler,Normal,,2,Intimidate,Frisk,Sap-Sipper,465,73,95,62,85,65,85,False,False,False
234,235,Smeargle,Normal,,2,Own-Tempo,Technician,Moody,250,55,20,35,20,45,75,False,False,False
235,236,Tyrogue,Fighting,,2,Guts,Steadfast,Vital-Spirit,210,35,35,35,35,35,35,False,False,False
236,237,Hitmontop,Fighting,,2,Intimidate,Technician,Steadfast,455,50,95,95,35,110,70,False,False,False
237,238,Smoochum,Ice,Psychic,2,Oblivious,Forewarn,Hydration,305,45,30,15,85,65,65,False,False,False
238,239,Elekid,Electric,,2,Static,,Vital-Spirit,360,45,63,37,65,55,95,False,False,False
239,240,Magby,Fire,,2,Flame-Body,,Vital-Spirit,365,45,75,37,70,55,83,False,False,False
240,241,Miltank,Normal,,2,Thick-Fat,Scrappy,Sap-Sipper,490,95,80,105,40,70,100,False,False,False
241,242,Blissey,Normal,,2,Natural-Cure,Serene-Grace,Healer,540,255,10,10,75,135,55,False,False,False
242,243,Raikou,Electric,,2,Pressure,,Inner-Focus,580,90,85,75,115,100,115,True,False,False
243,244,Entei,Fire,,2,Pressure,,Inner-Focus,580,115,115,85,90,75,100,True,False,False
244,245,Suicune,Water,,2,Pressure,,Inner-Focus,580,100,75,115,90,115,85,True,False,False
245,246,Larvitar,Rock,Ground,2,Guts,,Sand-Veil,300,50,64,50,45,50,41,False,False,False
246,247,Pupitar,Rock,Ground,2,Shed-Skin,,,410,70,84,70,65,70,51,False,False,False
247,248,Tyranitar,Rock,Dark,2,Sand-Stream,,Unnerve,600,100,134,110,95,100,61,False,False,True
248,249,Lugia,Psychic,Flying,2,Pressure,,Multiscale,680,106,90,130,90,154,110,True,False,False
249,250,Ho-Oh,Fire,Flying,2,Pressure,,Regenerator,680,106,130,90,110,154,90,True,False,False
250,251,Celebi,Psychic,Grass,2,Natural-Cure,,,600,100,100,100,100,100,100,False,True,False
251,252,Treecko,Grass,,3,Overgrow,,Unburden,310,40,45,35,65,55,70,False,False,False
252,253,Grovyle,Grass,,3,Overgrow,,Unburden,405,50,65,45,85,65,95,False,False,False
253,254,Sceptile,Grass,,3,Overgrow,,Unburden,530,70,85,65,105,85,120,False,False,False
254,255,Torchic,Fire,,3,Blaze,,Speed-Boost,310,45,60,40,70,50,45,False,False,False
255,256,Combusken,Fire,Fighting,3,Blaze,,Speed-Boost,405,60,85,60,85,60,55,False,False,False
256,257,Blaziken,Fire,Fighting,3,Blaze,,Speed-Boost,530,80,120,70,110,70,80,False,False,False
257,258,Mudkip,Water,,3,Torrent,,Damp,310,50,70,50,50,50,40,False,False,False
258,259,Marshtomp,Water,Ground,3,Torrent,,Damp,405,70,85,70,60,70,50,False,False,False
259,260,Swampert,Water,Ground,3,Torrent,,Damp,535,100,110,90,85,90,60,False,False,False
260,261,Poochyena,Dark,,3,Run-Away,Quick-Feet,Rattled,220,35,55,35,30,30,35,False,False,False
261,262,Mightyena,Dark,,3,Intimidate,Quick-Feet,Moxie,420,70,90,70,60,60,70,False,False,False
262,263,Zigzagoon,Normal,,3,Pickup,Gluttony,Quick-Feet,240,38,30,41,30,41,60,False,False,False
263,264,Linoone,Normal,,3,Pickup,Gluttony,Quick-Feet,420,78,70,61,50,61,100,False,False,False
264,265,Wurmple,Bug,,3,Shield-Dust,,Run-Away,195,45,45,35,20,30,20,False,False,False
265,266,Silcoon,Bug,,3,Shed-Skin,,,205,50,35,55,25,25,15,False,False,False
266,267,Beautifly,Bug,Flying,3,Swarm,,Rivalry,395,60,70,50,100,50,65,False,False,False
267,268,Cascoon,Bug,,3,Shed-Skin,,,205,50,35,55,25,25,15,False,False,False
268,269,Dustox,Bug,Poison,3,Shield-Dust,,Compound-Eyes,385,60,50,70,50,90,65,False,False,False
269,270,Lotad,Water,Grass,3,Swift-Swim,Rain-Dish,Own-Tempo,220,40,30,30,40,50,30,False,False,False
270,271,Lombre,Water,Grass,3,Swift-Swim,Rain-Dish,Own-Tempo,340,60,50,50,60,70,50,False,False,False
271,272,Ludicolo,Water,Grass,3,Swift-Swim,Rain-Dish,Own-Tempo,480,80,70,70,90,100,70,False,False,False
272,273,Seedot,Grass,,3,Chlorophyll,Early-Bird,Pickpocket,220,40,40,50,30,30,30,False,False,False
273,274,Nuzleaf,Grass,Dark,3,Chlorophyll,Early-Bird,Pickpocket,340,70,70,40,60,40,60,False,False,False
274,275,Shiftry,Grass,Dark,3,Chlorophyll,Early-Bird,Pickpocket,480,90,100,60,90,60,80,False,False,False
275,276,Taillow,Normal,Flying,3,Guts,,Scrappy,270,40,55,30,30,30,85,False,False,False
276,277,Swellow,Normal,Flying,3,Guts,,Scrappy,455,60,85,60,75,50,125,False,False,False
277,278,Wingull,Water,Flying,3,Keen-Eye,Hydration,Rain-Dish,270,40,30,30,55,30,85,False,False,False
278,279,Pelipper,Water,Flying,3,Keen-Eye,Drizzle,Rain-Dish,440,60,50,100,95,70,65,False,False,False
279,280,Ralts,Psychic,Fairy,3,Synchronize,Trace,Telepathy,198,28,25,25,45,35,40,False,False,False
280,281,Kirlia,Psychic,Fairy,3,Synchronize,Trace,Telepathy,278,38,35,35,65,55,50,False,False,False
281,282,Gardevoir,Psychic,Fairy,3,Synchronize,Trace,Telepathy,518,68,65,65,125,115,80,False,False,False
282,283,Surskit,Bug,Water,3,Swift-Swim,,Rain-Dish,269,40,30,32,50,52,65,False,False,False
283,284,Masquerain,Bug,Flying,3,Intimidate,,Unnerve,454,70,60,62,100,82,80,False,False,False
284,285,Shroomish,Grass,,3,Effect-Spore,Poison-Heal,Quick-Feet,295,60,40,60,40,60,35,False,False,False
285,286,Breloom,Grass,Fighting,3,Effect-Spore,Poison-Heal,Technician,460,60,130,80,60,60,70,False,False,False
286,287,Slakoth,Normal,,3,Truant,,,280,60,60,60,35,35,30,False,False,False
287,288,Vigoroth,Normal,,3,Vital-Spirit,,,440,80,80,80,55,55,90,False,False,False
288,289,Slaking,Normal,,3,Truant,,,670,150,160,100,95,65,100,False,False,False
289,290,Nincada,Bug,Ground,3,Compound-Eyes,,Run-Away,266,31,45,90,30,30,40,False,False,False
290,291,Ninjask,Bug,Flying,3,Speed-Boost,,Infiltrator,456,61,90,45,50,50,160,False,False,False
291,292,Shedinja,Bug,Ghost,3,Wonder-Guard,,,236,1,90,45,30,30,40,False,False,False
292,293,Whismur,Normal,,3,Soundproof,,Rattled,240,64,51,23,51,23,28,False,False,False
293,294,Loudred,Normal,,3,Soundproof,,Scrappy,360,84,71,43,71,43,48,False,False,False
294,295,Exploud,Normal,,3,Soundproof,,Scrappy,490,104,91,63,91,73,68,False,False,False
295,296,Makuhita,Fighting,,3,Thick-Fat,Guts,Sheer-Force,237,72,60,30,20,30,25,False,False,False
296,297,Hariyama,Fighting,,3,Thick-Fat,Guts,Sheer-Force,474,144,120,60,40,60,50,False,False,False
297,298,Azurill,Normal,Fairy,3,Thick-Fat,Huge-Power,Sap-Sipper,190,50,20,40,20,40,20,False,False,False
298,299,Nosepass,Rock,,3,Sturdy,Magnet-Pull,Sand-Force,375,30,45,135,45,90,30,False,False,False
299,300,Skitty,Normal,,3,Cute-Charm,Normalize,Wonder-Skin,260,50,45,45,35,35,50,False,False,False
300,301,Delcatty,Normal,,3,Cute-Charm,Normalize,Wonder-Skin,400,70,65,65,55,55,90,False,False,False
301,302,Sableye,Dark,Ghost,3,Keen-Eye,Stall,Prankster,380,50,75,75,65,65,50,False,False,False
302,303,Mawile,Steel,Fairy,3,Hyper-Cutter,Intimidate,Sheer-Force,380,50,85,85,55,55,50,False,False,False
303,304,Aron,Steel,Rock,3,Sturdy,Rock-Head,Heavy-Metal,330,50,70,100,40,40,30,False,False,False
304,305,Lairon,Steel,Rock,3,Sturdy,Rock-Head,Heavy-Metal,430,60,90,140,50,50,40,False,False,False
305,306,Aggron,Steel,Rock,3,Sturdy,Rock-Head,Heavy-Metal,530,70,110,180,60,60,50,False,False,False
306,307,Meditite,Fighting,Psychic,3,Pure-Power,,Telepathy,280,30,40,55,40,55,60,False,False,False
307,308,Medicham,Fighting,Psychic,3,Pure-Power,,Telepathy,410,60,60,75,60,75,80,False,False,False
308,309,Electrike,Electric,,3,Static,Lightning-Rod,Minus,295,40,45,40,65,40,65,False,False,False
309,310,Manectric,Electric,,3,Static,Lightning-Rod,Minus,475,70,75,60,105,60,105,False,False,False
310,311,Plusle,Electric,,3,Plus,,Lightning-Rod,405,60,50,40,85,75,95,False,False,False
311,312,Minun,Electric,,3,Minus,,Volt-Absorb,405,60,40,50,75,85,95,False,False,False
312,313,Volbeat,Bug,,3,Illuminate,Swarm,Prankster,430,65,73,75,47,85,85,False,False,False
313,314,Illumise,Bug,,3,Oblivious,Tinted-Lens,Prankster,430,65,47,75,73,85,85,False,False,False
314,315,Roselia,Grass,Poison,3,Natural-Cure,Poison-Point,Leaf-Guard,400,50,60,45,100,80,65,False,False,False
315,316,Gulpin,Poison,,3,Liquid-Ooze,Sticky-Hold,Gluttony,302,70,43,53,43,53,40,False,False,False
316,317,Swalot,Poison,,3,Liquid-Ooze,Sticky-Hold,Gluttony,467,100,73,83,73,83,55,False,False,False
317,318,Carvanha,Water,Dark,3,Rough-Skin,,Speed-Boost,305,45,90,20,65,20,65,False,False,False
318,319,Sharpedo,Water,Dark,3,Rough-Skin,,Speed-Boost,460,70,120,40,95,40,95,False,False,False
319,320,Wailmer,Water,,3,Water-Veil,Oblivious,Pressure,400,130,70,35,70,35,60,False,False,False
320,321,Wailord,Water,,3,Water-Veil,Oblivious,Pressure,500,170,90,45,90,45,60,False,False,False
321,322,Numel,Fire,Ground,3,Oblivious,Simple,Own-Tempo,305,60,60,40,65,45,35,False,False,False
322,323,Camerupt,Fire,Ground,3,Magma-Armor,Solid-Rock,Anger-Point,460,70,100,70,105,75,40,False,False,False
323,324,Torkoal,Fire,,3,White-Smoke,Drought,Shell-Armor,470,70,85,140,85,70,20,False,False,False
324,325,Spoink,Psychic,,3,Thick-Fat,Own-Tempo,Gluttony,330,60,25,35,70,80,60,False,False,False
325,326,Grumpig,Psychic,,3,Thick-Fat,Own-Tempo,Gluttony,470,80,45,65,90,110,80,False,False,False
326,327,Spinda,Normal,,3,Own-Tempo,Tangled-Feet,Contrary,360,60,60,60,60,60,60,False,False,False
327,328,Trapinch,Ground,,3,Hyper-Cutter,Arena-Trap,Sheer-Force,290,45,100,45,45,45,10,False,False,False
328,329,Vibrava,Ground,Dragon,3,Levitate,,,340,50,70,50,50,50,70,False,False,False
329,330,Flygon,Ground,Dragon,3,Levitate,,,520,80,100,80,80,80,100,False,False,False
330,331,Cacnea,Grass,,3,Sand-Veil,,Water-Absorb,335,50,85,40,85,40,35,False,False,False
331,332,Cacturne,Grass,Dark,3,Sand-Veil,,Water-Absorb,475,70,115,60,115,60,55,False,False,False
332,333,Swablu,Normal,Flying,3,Natural-Cure,,Cloud-Nine,310,45,40,60,40,75,50,False,False,False
333,334,Altaria,Dragon,Flying,3,Natural-Cure,,Cloud-Nine,490,75,70,90,70,105,80,False,False,False
334,335,Zangoose,Normal,,3,Immunity,,Toxic-Boost,458,73,115,60,60,60,90,False,False,False
335,336,Seviper,Poison,,3,Shed-Skin,,Infiltrator,458,73,100,60,100,60,65,False,False,False
336,337,Lunatone,Rock,Psychic,3,Levitate,,,460,90,55,65,95,85,70,False,False,False
337,338,Solrock,Rock,Psychic,3,Levitate,,,460,90,95,85,55,65,70,False,False,False
338,339,Barboach,Water,Ground,3,Oblivious,Anticipation,Hydration,288,50,48,43,46,41,60,False,False,False
339,340,Whiscash,Water,Ground,3,Oblivious,Anticipation,Hydration,468,110,78,73,76,71,60,False,False,False
340,341,Corphish,Water,,3,Hyper-Cutter,Shell-Armor,Adaptability,308,43,80,65,50,35,35,False,False,False
341,342,Crawdaunt,Water,Dark,3,Hyper-Cutter,Shell-Armor,Adaptability,468,63,120,85,90,55,55,False,False,False
342,343,Baltoy,Ground,Psychic,3,Levitate,,,300,40,40,55,40,70,55,False,False,False
343,344,Claydol,Ground,Psychic,3,Levitate,,,500,60,70,105,70,120,75,False,False,False
344,345,Lileep,Rock,Grass,3,Suction-Cups,,Storm-Drain,355,66,41,77,61,87,23,False,False,False
345,346,Cradily,Rock,Grass,3,Suction-Cups,,Storm-Drain,495,86,81,97,81,107,43,False,False,False
346,347,Anorith,Rock,Bug,3,Battle-Armor,,Swift-Swim,355,45,95,50,40,50,75,False,False,False
347,348,Armaldo,Rock,Bug,3,Battle-Armor,,Swift-Swim,495,75,125,100,70,80,45,False,False,False
348,349,Feebas,Water,,3,Swift-Swim,Oblivious,Adaptability,200,20,15,20,10,55,80,False,False,False
349,350,Milotic,Water,,3,Marvel-Scale,Competitive,Cute-Charm,540,95,60,79,100,125,81,False,False,False
350,351,Castform,Normal,,3,Forecast,,,420,70,70,70,70,70,70,False,False,False
351,352,Kecleon,Normal,,3,Color-Change,,Protean,440,60,90,70,60,120,40,False,False,False
352,353,Shuppet,Ghost,,3,Insomnia,Frisk,Cursed-Body,295,44,75,35,63,33,45,False,False,False
353,354,Banette,Ghost,,3,Insomnia,Frisk,Cursed-Body,455,64,115,65,83,63,65,False,False,False
354,355,Duskull,Ghost,,3,Levitate,,Frisk,295,20,40,90,30,90,25,False,False,False
355,356,Dusclops,Ghost,,3,Pressure,,Frisk,455,40,70,130,60,130,25,False,False,False
356,357,Tropius,Grass,Flying,3,Chlorophyll,Solar-Power,Harvest,460,99,68,83,72,87,51,False,False,False
357,358,Chimecho,Psychic,,3,Levitate,,,455,75,50,80,95,90,65,False,False,False
358,359,Absol,Dark,,3,Pressure,Super-Luck,Justified,465,65,130,60,75,60,75,False,False,False
359,360,Wynaut,Psychic,,3,Shadow-Tag,,Telepathy,260,95,23,48,23,48,23,False,False,False
360,361,Snorunt,Ice,,3,Inner-Focus,Ice-Body,Moody,300,50,50,50,50,50,50,False,False,False
361,362,Glalie,Ice,,3,Inner-Focus,Ice-Body,Moody,480,80,80,80,80,80,80,False,False,False
362,363,Spheal,Ice,Water,3,Thick-Fat,Ice-Body,Oblivious,290,70,40,50,55,50,25,False,False,False
363,364,Sealeo,Ice,Water,3,Thick-Fat,Ice-Body,Oblivious,410,90,60,70,75,70,45,False,False,False
364,365,Walrein,Ice,Water,3,Thick-Fat,Ice-Body,Oblivious,530,110,80,90,95,90,65,False,False,False
365,366,Clamperl,Water,,3,Shell-Armor,,Rattled,345,35,64,85,74,55,32,False,False,False
366,367,Huntail,Water,,3,Swift-Swim,,Water-Veil,485,55,104,105,94,75,52,False,False,False
367,368,Gorebyss,Water,,3,Swift-Swim,,Hydration,485,55,84,105,114,75,52,False,False,False
368,369,Relicanth,Water,Rock,3,Swift-Swim,Rock-Head,Sturdy,485,100,90,130,45,65,55,False,False,False
369,370,Luvdisc,Water,,3,Swift-Swim,,Hydration,330,43,30,55,40,65,97,False,False,False
370,371,Bagon,Dragon,,3,Rock-Head,,Sheer-Force,300,45,75,60,40,30,50,False,False,False
371,372,Shelgon,Dragon,,3,Rock-Head,,Overcoat,420,65,95,100,60,50,50,False,False,False
372,373,Salamence,Dragon,Flying,3,Intimidate,,Moxie,600,95,135,80,110,80,100,False,False,True
373,374,Beldum,Steel,Psychic,3,Clear-Body,,Light-Metal,300,40,55,80,35,60,30,False,False,False
374,375,Metang,Steel,Psychic,3,Clear-Body,,Light-Metal,420,60,75,100,55,80,50,False,False,False
375,376,Metagross,Steel,Psychic,3,Clear-Body,,Light-Metal,600,80,135,130,95,90,70,False,False,True
376,377,Regirock,Rock,,3,Clear-Body,,Sturdy,580,80,100,200,50,100,50,True,False,False
377,378,Regice,Ice,,3,Clear-Body,,Ice-Body,580,80,50,100,100,200,50,True,False,False
378,379,Registeel,Steel,,3,Clear-Body,,Light-Metal,580,80,75,150,75,150,50,True,False,False
379,380,Latias,Dragon,Psychic,3,Levitate,,,600,80,80,90,110,130,110,True,False,False
380,381,Latios,Dragon,Psychic,3,Levitate,,,600,80,90,80,130,110,110,True,False,False
381,382,Kyogre,Water,,3,Drizzle,,,670,100,100,90,150,140,90,True,False,False
382,383,Groudon,Ground,,3,Drought,,,670,100,150,140,100,90,90,True,False,False
383,384,Rayquaza,Dragon,Flying,3,Air-Lock,,,680,105,150,90,150,90,95,True,False,False
384,385,Jirachi,Steel,Psychic,3,Serene-Grace,,,600,100,100,100,100,100,100,False,True,False
385,386,Deoxys-Normal,Psychic,,3,Pressure,,,600,50,150,50,150,50,150,False,True,False
386,387,Turtwig,Grass,,4,Overgrow,,Shell-Armor,318,55,68,64,45,55,31,False,False,False
387,388,Grotle,Grass,,4,Overgrow,,Shell-Armor,405,75,89,85,55,65,36,False,False,False
388,389,Torterra,Grass,Ground,4,Overgrow,,Shell-Armor,525,95,109,105,75,85,56,False,False,False
389,390,Chimchar,Fire,,4,Blaze,,Iron-Fist,309,44,58,44,58,44,61,False,False,False
390,391,Monferno,Fire,Fighting,4,Blaze,,Iron-Fist,405,64,78,52,78,52,81,False,False,False
391,392,Infernape,Fire,Fighting,4,Blaze,,Iron-Fist,534,76,104,71,104,71,108,False,False,False
392,393,Piplup,Water,,4,Torrent,,Defiant,314,53,51,53,61,56,40,False,False,False
393,394,Prinplup,Water,,4,Torrent,,Defiant,405,64,66,68,81,76,50,False,False,False
394,395,Empoleon,Water,Steel,4,Torrent,,Defiant,530,84,86,88,111,101,60,False,False,False
395,396,Starly,Normal,Flying,4,Keen-Eye,,Reckless,245,40,55,30,30,30,60,False,False,False
396,397,Staravia,Normal,Flying,4,Intimidate,,Reckless,340,55,75,50,40,40,80,False,False,False
397,398,Staraptor,Normal,Flying,4,Intimidate,,Reckless,485,85,120,70,50,60,100,False,False,False
398,399,Bidoof,Normal,,4,Simple,Unaware,Moody,250,59,45,40,35,40,31,False,False,False
399,400,Bibarel,Normal,Water,4,Simple,Unaware,Moody,410,79,85,60,55,60,71,False,False,False
400,401,Kricketot,Bug,,4,Shed-Skin,,Run-Away,194,37,25,41,25,41,25,False,False,False
401,402,Kricketune,Bug,,4,Swarm,,Technician,384,77,85,51,55,51,65,False,False,False
402,403,Shinx,Electric,,4,Rivalry,Intimidate,Guts,263,45,65,34,40,34,45,False,False,False
403,404,Luxio,Electric,,4,Rivalry,Intimidate,Guts,363,60,85,49,60,49,60,False,False,False
404,405,Luxray,Electric,,4,Rivalry,Intimidate,Guts,523,80,120,79,95,79,70,False,False,False
405,406,Budew,Grass,Poison,4,Natural-Cure,Poison-Point,Leaf-Guard,280,40,30,35,50,70,55,False,False,False
406,407,Roserade,Grass,Poison,4,Natural-Cure,Poison-Point,Technician,515,60,70,65,125,105,90,False,False,False
407,408,Cranidos,Rock,,4,Mold-Breaker,,Sheer-Force,350,67,125,40,30,30,58,False,False,False
408,409,Rampardos,Rock,,4,Mold-Breaker,,Sheer-Force,495,97,165,60,65,50,58,False,False,False
409,410,Shieldon,Rock,Steel,4,Sturdy,,Soundproof,350,30,42,118,42,88,30,False,False,False
410,411,Bastiodon,Rock,Steel,4,Sturdy,,Soundproof,495,60,52,168,47,138,30,False,False,False
411,412,Burmy,Bug,,4,Shed-Skin,,Overcoat,224,40,29,45,29,45,36,False,False,False
412,413,Wormadam-Plant,Bug,Grass,4,Anticipation,,Overcoat,424,60,59,85,79,105,36,False,False,False
413,414,Mothim,Bug,Flying,4,Swarm,,Tinted-Lens,424,70,94,50,94,50,66,False,False,False
414,415,Combee,Bug,Flying,4,Honey-Gather,,Hustle,244,30,30,42,30,42,70,False,False,False
415,416,Vespiquen,Bug,Flying,4,Pressure,,Unnerve,474,70,80,102,80,102,40,False,False,False
416,417,Pachirisu,Electric,,4,Run-Away,Pickup,Volt-Absorb,405,60,45,70,45,90,95,False,False,False
417,418,Buizel,Water,,4,Swift-Swim,,Water-Veil,330,55,65,35,60,30,85,False,False,False
418,419,Floatzel,Water,,4,Swift-Swim,,Water-Veil,495,85,105,55,85,50,115,False,False,False
419,420,Cherubi,Grass,,4,Chlorophyll,,,275,45,35,45,62,53,35,False,False,False
420,421,Cherrim,Grass,,4,Flower-Gift,,,450,70,60,70,87,78,85,False,False,False
421,422,Shellos,Water,,4,Sticky-Hold,Storm-Drain,Sand-Force,325,76,48,48,57,62,34,False,False,False
422,423,Gastrodon,Water,Ground,4,Sticky-Hold,Storm-Drain,Sand-Force,475,111,83,68,92,82,39,False,False,False
423,424,Ambipom,Normal,,4,Technician,Pickup,Skill-Link,482,75,100,66,60,66,115,False,False,False
424,425,Drifloon,Ghost,Flying,4,Aftermath,Unburden,Flare-Boost,348,90,50,34,60,44,70,False,False,False
425,426,Drifblim,Ghost,Flying,4,Aftermath,Unburden,Flare-Boost,498,150,80,44,90,54,80,False,False,False
426,427,Buneary,Normal,,4,Run-Away,Klutz,Limber,350,55,66,44,44,56,85,False,False,False
427,428,Lopunny,Normal,,4,Cute-Charm,Klutz,Limber,480,65,76,84,54,96,105,False,False,False
428,429,Mismagius,Ghost,,4,Levitate,,,495,60,60,60,105,105,105,False,False,False
429,430,Honchkrow,Dark,Flying,4,Insomnia,Super-Luck,Moxie,505,100,125,52,105,52,71,False,False,False
430,431,Glameow,Normal,,4,Limber,Own-Tempo,Keen-Eye,310,49,55,42,42,37,85,False,False,False
431,432,Purugly,Normal,,4,Thick-Fat,Own-Tempo,Defiant,452,71,82,64,64,59,112,False,False,False
432,433,Chingling,Psychic,,4,Levitate,,,285,45,30,50,65,50,45,False,False,False
433,434,Stunky,Poison,Dark,4,Stench,Aftermath,Keen-Eye,329,63,63,47,41,41,74,False,False,False
434,435,Skuntank,Poison,Dark,4,Stench,Aftermath,Keen-Eye,479,103,93,67,71,61,84,False,False,False
435,436,Bronzor,Steel,Psychic,4,Levitate,Heatproof,Heavy-Metal,300,57,24,86,24,86,23,False,False,False
436,437,Bronzong,Steel,Psychic,4,Levitate,Heatproof,Heavy-Metal,500,67,89,116,79,116,33,False,False,False
437,438,Bonsly,Rock,,4,Sturdy,Rock-Head,Rattled,290,50,80,95,10,45,10,False,False,False
438,439,Mime-Jr,Psychic,Fairy,4,Soundproof,Filter,Technician,310,20,25,45,70,90,60,False,False,False
439,440,Happiny,Normal,,4,Natural-Cure,Serene-Grace,Friend-Guard,220,100,5,5,15,65,30,False,False,False
440,441,Chatot,Normal,Flying,4,Keen-Eye,Tangled-Feet,Big-Pecks,411,76,65,45,92,42,91,False,False,False
441,442,Spiritomb,Ghost,Dark,4,Pressure,,Infiltrator,485,50,92,108,92,108,35,False,False,False
442,443,Gible,Dragon,Ground,4,Sand-Veil,,Rough-Skin,300,58,70,45,40,45,42,False,False,False
443,444,Gabite,Dragon,Ground,4,Sand-Veil,,Rough-Skin,410,68,90,65,50,55,82,False,False,False
444,445,Garchomp,Dragon,Ground,4,Sand-Veil,,Rough-Skin,600,108,130,95,80,85,102,False,False,True
445,446,Munchlax,Normal,,4,Pickup,Thick-Fat,Gluttony,390,135,85,40,40,85,5,False,False,False
446,447,Riolu,Fighting,,4,Steadfast,Inner-Focus,Prankster,285,40,70,40,35,40,60,False,False,False
447,448,Lucario,Fighting,Steel,4,Steadfast,Inner-Focus,Justified,525,70,110,70,115,70,90,False,False,False
448,449,Hippopotas,Ground,,4,Sand-Stream,,Sand-Force,330,68,72,78,38,42,32,False,False,False
449,450,Hippowdon,Ground,,4,Sand-Stream,,Sand-Force,525,108,112,118,68,72,47,False,False,False
450,451,Skorupi,Poison,Bug,4,Battle-Armor,Sniper,Keen-Eye,330,40,50,90,30,55,65,False,False,False
451,452,Drapion,Poison,Dark,4,Battle-Armor,Sniper,Keen-Eye,500,70,90,110,60,75,95,False,False,False
452,453,Croagunk,Poison,Fighting,4,Anticipation,Dry-Skin,Poison-Touch,300,48,61,40,61,40,50,False,False,False
453,454,Toxicroak,Poison,Fighting,4,Anticipation,Dry-Skin,Poison-Touch,490,83,106,65,86,65,85,False,False,False
454,455,Carnivine,Grass,,4,Levitate,,,454,74,100,72,90,72,46,False,False,False
455,456,Finneon,Water,,4,Swift-Swim,Storm-Drain,Water-Veil,330,49,49,56,49,61,66,False,False,False
456,457,Lumineon,Water,,4,Swift-Swim,Storm-Drain,Water-Veil,460,69,69,76,69,86,91,False,False,False
457,458,Mantyke,Water,Flying,4,Swift-Swim,Water-Absorb,Water-Veil,345,45,20,50,60,120,50,False,False,False
458,459,Snover,Grass,Ice,4,Snow-Warning,,Soundproof,334,60,62,50,62,60,40,False,False,False
459,460,Abomasnow,Grass,Ice,4,Snow-Warning,,Soundproof,494,90,92,75,92,85,60,False,False,False
460,461,Weavile,Dark,Ice,4,Pressure,,Pickpocket,510,70,120,65,45,85,125,False,False,False
461,462,Magnezone,Electric,Steel,4,Magnet-Pull,Sturdy,Analytic,535,70,70,115,130,90,60,False,False,False
462,463,Lickilicky,Normal,,4,Own-Tempo,Oblivious,Cloud-Nine,515,110,85,95,80,95,50,False,False,False
463,464,Rhyperior,Ground,Rock,4,Lightning-Rod,Solid-Rock,Reckless,535,115,140,130,55,55,40,False,False,False
464,465,Tangrowth,Grass,,4,Chlorophyll,Leaf-Guard,Regenerator,535,100,100,125,110,50,50,False,False,False
465,466,Electivire,Electric,,4,Motor-Drive,,Vital-Spirit,540,75,123,67,95,85,95,False,False,False
466,467,Magmortar,Fire,,4,Flame-Body,,Vital-Spirit,540,75,95,67,125,95,83,False,False,False
467,468,Togekiss,Fairy,Flying,4,Hustle,Serene-Grace,Super-Luck,545,85,50,95,120,115,80,False,False,False
468,469,Yanmega,Bug,Flying,4,Speed-Boost,Tinted-Lens,Frisk,515,86,76,86,116,56,95,False,False,False
469,470,Leafeon,Grass,,4,Leaf-Guard,,Chlorophyll,525,65,110,130,60,65,95,False,False,False
470,471,Glaceon,Ice,,4,Snow-Cloak,,Ice-Body,525,65,60,110,130,95,65,False,False,False
471,472,Gliscor,Ground,Flying,4,Hyper-Cutter,Sand-Veil,Poison-Heal,510,75,95,125,45,75,95,False,False,False
472,473,Mamoswine,Ice,Ground,4,Oblivious,Snow-Cloak,Thick-Fat,530,110,130,80,70,60,80,False,False,False
473,474,Porygon-Z,Normal,,4,Adaptability,Download,Analytic,535,85,80,70,135,75,90,False,False,False
474,475,Gallade,Psychic,Fighting,4,Steadfast,,Justified,518,68,125,65,65,115,80,False,False,False
475,476,Probopass,Rock,Steel,4,Sturdy,Magnet-Pull,Sand-Force,525,60,55,145,75,150,40,False,False,False
476,477,Dusknoir,Ghost,,4,Pressure,,Frisk,525,45,100,135,65,135,45,False,False,False
477,478,Froslass,Ice,Ghost,4,Snow-Cloak,,Cursed-Body,480,70,80,70,80,70,110,False,False,False
478,479,Rotom,Electric,Ghost,4,Levitate,,,440,50,50,77,95,77,91,False,False,False
479,480,Uxie,Psychic,,4,Levitate,,,580,75,75,130,75,130,95,True,False,False
480,481,Mesprit,Psychic,,4,Levitate,,,580,80,105,105,105,105,80,True,False,False
481,482,Azelf,Psychic,,4,Levitate,,,580,75,125,70,125,70,115,True,False,False
482,483,Dialga,Steel,Dragon,4,Pressure,,Telepathy,680,100,120,120,150,100,90,True,False,False
483,484,Palkia,Water,Dragon,4,Pressure,,Telepathy,680,90,120,100,150,120,100,True,False,False
484,485,Heatran,Fire,Steel,4,Flash-Fire,,Flame-Body,600,91,90,106,130,106,77,True,False,False
485,486,Regigigas,Normal,,4,Slow-Start,,,670,110,160,110,80,110,100,True,False,False
486,487,Giratina-Altered,Ghost,Dragon,4,Pressure,,Telepathy,680,150,100,120,100,120,90,True,False,False
487,488,Cresselia,Psychic,,4,Levitate,,,600,120,70,120,75,130,85,True,False,False
488,489,Phione,Water,,4,Hydration,,,480,80,80,80,80,80,80,False,True,False
489,490,Manaphy,Water,,4,Hydration,,,600,100,100,100,100,100,100,False,True,False
490,491,Darkrai,Dark,,4,Bad-Dreams,,,600,70,90,90,135,90,125,False,True,False
491,492,Shaymin-Land,Grass,,4,Natural-Cure,,,600,100,100,100,100,100,100,False,True,False
492,493,Arceus,Normal,,4,Multitype,,,720,120,120,120,120,120,120,False,True,False
493,494,Victini,Psychic,Fire,5,Victory-Star,,,600,100,100,100,100,100,100,False,True,False
494,495,Snivy,Grass,,5,Overgrow,,Contrary,308,45,45,55,45,55,63,False,False,False
495,496,Servine,Grass,,5,Overgrow,,Contrary,413,60,60,75,60,75,83,False,False,False
496,497,Serperior,Grass,,5,Overgrow,,Contrary,528,75,75,95,75,95,113,False,False,False
497,498,Tepig,Fire,,5,Blaze,,Thick-Fat,308,65,63,45,45,45,45,False,False,False
498,499,Pignite,Fire,Fighting,5,Blaze,,Thick-Fat,418,90,93,55,70,55,55,False,False,False
499,500,Emboar,Fire,Fighting,5,Blaze,,Reckless,528,110,123,65,100,65,65,False,False,False
500,501,Oshawott,Water,,5,Torrent,,Shell-Armor,308,55,55,45,63,45,45,False,False,False
501,502,Dewott,Water,,5,Torrent,,Shell-Armor,413,75,75,60,83,60,60,False,False,False
502,503,Samurott,Water,,5,Torrent,,Shell-Armor,528,95,100,85,108,70,70,False,False,False
503,504,Patrat,Normal,,5,Run-Away,Keen-Eye,Analytic,255,45,55,39,35,39,42,False,False,False
504,505,Watchog,Normal,,5,Illuminate,Keen-Eye,Analytic,420,60,85,69,60,69,77,False,False,False
505,506,Lillipup,Normal,,5,Vital-Spirit,Pickup,Run-Away,275,45,60,45,25,45,55,False,False,False
506,507,Herdier,Normal,,5,Intimidate,Sand-Rush,Scrappy,370,65,80,65,35,65,60,False,False,False
507,508,Stoutland,Normal,,5,Intimidate,Sand-Rush,Scrappy,500,85,110,90,45,90,80,False,False,False
508,509,Purrloin,Dark,,5,Limber,Unburden,Prankster,281,41,50,37,50,37,66,False,False,False
509,510,Liepard,Dark,,5,Limber,Unburden,Prankster,446,64,88,50,88,50,106,False,False,False
510,511,Pansage,Grass,,5,Gluttony,,Overgrow,316,50,53,48,53,48,64,False,False,False
511,512,Simisage,Grass,,5,Gluttony,,Overgrow,498,75,98,63,98,63,101,False,False,False
512,513,Pansear,Fire,,5,Gluttony,,Blaze,316,50,53,48,53,48,64,False,False,False
513,514,Simisear,Fire,,5,Gluttony,,Blaze,498,75,98,63,98,63,101,False,False,False
514,515,Panpour,Water,,5,Gluttony,,Torrent,316,50,53,48,53,48,64,False,False,False
515,516,Simipour,Water,,5,Gluttony,,Torrent,498,75,98,63,98,63,101,False,False,False
516,517,Munna,Psychic,,5,Forewarn,Synchronize,Telepathy,292,76,25,45,67,55,24,False,False,False
517,518,Musharna,Psychic,,5,Forewarn,Synchronize,Telepathy,487,116,55,85,107,95,29,False,False,False
518,519,Pidove,Normal,Flying,5,Big-Pecks,Super-Luck,Rivalry,264,50,55,50,36,30,43,False,False,False
519,520,Tranquill,Normal,Flying,5,Big-Pecks,Super-Luck,Rivalry,358,62,77,62,50,42,65,False,False,False
520,521,Unfezant,Normal,Flying,5,Big-Pecks,Super-Luck,Rivalry,488,80,115,80,65,55,93,False,False,False
521,522,Blitzle,Electric,,5,Lightning-Rod,Motor-Drive,Sap-Sipper,295,45,60,32,50,32,76,False,False,False
522,523,Zebstrika,Electric,,5,Lightning-Rod,Motor-Drive,Sap-Sipper,497,75,100,63,80,63,116,False,False,False
523,524,Roggenrola,Rock,,5,Sturdy,Weak-Armor,Sand-Force,280,55,75,85,25,25,15,False,False,False
524,525,Boldore,Rock,,5,Sturdy,Weak-Armor,Sand-Force,390,70,105,105,50,40,20,False,False,False
525,526,Gigalith,Rock,,5,Sturdy,Sand-Stream,Sand-Force,515,85,135,130,60,80,25,False,False,False
526,527,Woobat,Psychic,Flying,5,Unaware,Klutz,Simple,323,65,45,43,55,43,72,False,False,False
527,528,Swoobat,Psychic,Flying,5,Unaware,Klutz,Simple,425,67,57,55,77,55,114,False,False,False
528,529,Drilbur,Ground,,5,Sand-Rush,Sand-Force,Mold-Breaker,328,60,85,40,30,45,68,False,False,False
529,530,Excadrill,Ground,Steel,5,Sand-Rush,Sand-Force,Mold-Breaker,508,110,135,60,50,65,88,False,False,False
530,531,Audino,Normal,,5,Healer,Regenerator,Klutz,445,103,60,86,60,86,50,False,False,False
531,532,Timburr,Fighting,,5,Guts,Sheer-Force,Iron-Fist,305,75,80,55,25,35,35,False,False,False
532,533,Gurdurr,Fighting,,5,Guts,Sheer-Force,Iron-Fist,405,85,105,85,40,50,40,False,False,False
533,534,Conkeldurr,Fighting,,5,Guts,Sheer-Force,Iron-Fist,505,105,140,95,55,65,45,False,False,False
534,535,Tympole,Water,,5,Swift-Swim,Hydration,Water-Absorb,294,50,50,40,50,40,64,False,False,False
535,536,Palpitoad,Water,Ground,5,Swift-Swim,Hydration,Water-Absorb,384,75,65,55,65,55,69,False,False,False
536,537,Seismitoad,Water,Ground,5,Swift-Swim,Poison-Touch,Water-Absorb,509,105,95,75,85,75,74,False,False,False
537,538,Throh,Fighting,,5,Guts,Inner-Focus,Mold-Breaker,465,120,100,85,30,85,45,False,False,False
538,539,Sawk,Fighting,,5,Sturdy,Inner-Focus,Mold-Breaker,465,75,125,75,30,75,85,False,False,False
539,540,Sewaddle,Bug,Grass,5,Swarm,Chlorophyll,Overcoat,310,45,53,70,40,60,42,False,False,False
540,541,Swadloon,Bug,Grass,5,Leaf-Guard,Chlorophyll,Overcoat,380,55,63,90,50,80,42,False,False,False
541,542,Leavanny,Bug,Grass,5,Swarm,Chlorophyll,Overcoat,500,75,103,80,70,80,92,False,False,False
542,543,Venipede,Bug,Poison,5,Poison-Point,Swarm,Speed-Boost,260,30,45,59,30,39,57,False,False,False
543,544,Whirlipede,Bug,Poison,5,Poison-Point,Swarm,Speed-Boost,360,40,55,99,40,79,47,False,False,False
544,545,Scolipede,Bug,Poison,5,Poison-Point,Swarm,Speed-Boost,485,60,100,89,55,69,112,False,False,False
545,546,Cottonee,Grass,Fairy,5,Prankster,Infiltrator,Chlorophyll,280,40,27,60,37,50,66,False,False,False
546,547,Whimsicott,Grass,Fairy,5,Prankster,Infiltrator,Chlorophyll,480,60,67,85,77,75,116,False,False,False
547,548,Petilil,Grass,,5,Chlorophyll,Own-Tempo,Leaf-Guard,280,45,35,50,70,50,30,False,False,False
548,549,Lilligant,Grass,,5,Chlorophyll,Own-Tempo,Leaf-Guard,480,70,60,75,110,75,90,False,False,False
549,550,Basculin-Red-Striped,Water,,5,Reckless,Adaptability,Mold-Breaker,460,70,92,65,80,55,98,False,False,False
550,551,Sandile,Ground,Dark,5,Intimidate,Moxie,Anger-Point,292,50,72,35,35,35,65,False,False,False
551,552,Krokorok,Ground,Dark,5,Intimidate,Moxie,Anger-Point,351,60,82,45,45,45,74,False,False,False
552,553,Krookodile,Ground,Dark,5,Intimidate,Moxie,Anger-Point,519,95,117,80,65,70,92,False,False,False
553,554,Darumaka,Fire,,5,Hustle,,Inner-Focus,315,70,90,45,15,45,50,False,False,False
554,555,Darmanitan-Standard,Fire,,5,Sheer-Force,,Zen-Mode,480,105,140,55,30,55,95,False,False,False
555,556,Maractus,Grass,,5,Water-Absorb,Chlorophyll,Storm-Drain,461,75,86,67,106,67,60,False,False,False
556,557,Dwebble,Bug,Rock,5,Sturdy,Shell-Armor,Weak-Armor,325,50,65,85,35,35,55,False,False,False
557,558,Crustle,Bug,Rock,5,Sturdy,Shell-Armor,Weak-Armor,485,70,105,125,65,75,45,False,False,False
558,559,Scraggy,Dark,Fighting,5,Shed-Skin,Moxie,Intimidate,348,50,75,70,35,70,48,False,False,False
559,560,Scrafty,Dark,Fighting,5,Shed-Skin,Moxie,Intimidate,488,65,90,115,45,115,58,False,False,False
560,561,Sigilyph,Psychic,Flying,5,Wonder-Skin,Magic-Guard,Tinted-Lens,490,72,58,80,103,80,97,False,False,False
561,562,Yamask,Ghost,,5,Mummy,,,303,38,30,85,55,65,30,False,False,False
562,563,Cofagrigus,Ghost,,5,Mummy,,,483,58,50,145,95,105,30,False,False,False
563,564,Tirtouga,Water,Rock,5,Solid-Rock,Sturdy,Swift-Swim,355,54,78,103,53,45,22,False,False,False
564,565,Carracosta,Water,Rock,5,Solid-Rock,Sturdy,Swift-Swim,495,74,108,133,83,65,32,False,False,False
565,566,Archen,Rock,Flying,5,Defeatist,,,401,55,112,45,74,45,70,False,False,False
566,567,Archeops,Rock,Flying,5,Defeatist,,,567,75,140,65,112,65,110,False,False,False
567,568,Trubbish,Poison,,5,Stench,Sticky-Hold,Aftermath,329,50,50,62,40,62,65,False,False,False
568,569,Garbodor,Poison,,5,Stench,Weak-Armor,Aftermath,474,80,95,82,60,82,75,False,False,False
569,570,Zorua,Dark,,5,Illusion,,,330,40,65,40,80,40,65,False,False,False
570,571,Zoroark,Dark,,5,Illusion,,,510,60,105,60,120,60,105,False,False,False
571,572,Minccino,Normal,,5,Cute-Charm,Technician,Skill-Link,300,55,50,40,40,40,75,False,False,False
572,573,Cinccino,Normal,,5,Cute-Charm,Technician,Skill-Link,470,75,95,60,65,60,115,False,False,False
573,574,Gothita,Psychic,,5,Frisk,Competitive,Shadow-Tag,290,45,30,50,55,65,45,False,False,False
574,575,Gothorita,Psychic,,5,Frisk,Competitive,Shadow-Tag,390,60,45,70,75,85,55,False,False,False
575,576,Gothitelle,Psychic,,5,Frisk,Competitive,Shadow-Tag,490,70,55,95,95,110,65,False,False,False
576,577,Solosis,Psychic,,5,Overcoat,Magic-Guard,Regenerator,290,45,30,40,105,50,20,False,False,False
577,578,Duosion,Psychic,,5,Overcoat,Magic-Guard,Regenerator,370,65,40,50,125,60,30,False,False,False
578,579,Reuniclus,Psychic,,5,Overcoat,Magic-Guard,Regenerator,490,110,65,75,125,85,30,False,False,False
579,580,Ducklett,Water,Flying,5,Keen-Eye,Big-Pecks,Hydration,305,62,44,50,44,50,55,False,False,False
580,581,Swanna,Water,Flying,5,Keen-Eye,Big-Pecks,Hydration,473,75,87,63,87,63,98,False,False,False
581,582,Vanillite,Ice,,5,Ice-Body,Snow-Cloak,Weak-Armor,305,36,50,50,65,60,44,False,False,False
582,583,Vanillish,Ice,,5,Ice-Body,Snow-Cloak,Weak-Armor,395,51,65,65,80,75,59,False,False,False
583,584,Vanilluxe,Ice,,5,Ice-Body,Snow-Warning,Weak-Armor,535,71,95,85,110,95,79,False,False,False
584,585,Deerling,Normal,Grass,5,Chlorophyll,Sap-Sipper,Serene-Grace,335,60,60,50,40,50,75,False,False,False
585,586,Sawsbuck,Normal,Grass,5,Chlorophyll,Sap-Sipper,Serene-Grace,475,80,100,70,60,70,95,False,False,False
586,587,Emolga,Electric,Flying,5,Static,,Motor-Drive,428,55,75,60,75,60,103,False,False,False
587,588,Karrablast,Bug,,5,Swarm,Shed-Skin,No-Guard,315,50,75,45,40,45,60,False,False,False
588,589,Escavalier,Bug,Steel,5,Swarm,Shell-Armor,Overcoat,495,70,135,105,60,105,20,False,False,False
589,590,Foongus,Grass,Poison,5,Effect-Spore,,Regenerator,294,69,55,45,55,55,15,False,False,False
590,591,Amoonguss,Grass,Poison,5,Effect-Spore,,Regenerator,464,114,85,70,85,80,30,False,False,False
591,592,Frillish,Water,Ghost,5,Water-Absorb,Cursed-Body,Damp,335,55,40,50,65,85,40,False,False,False
592,593,Jellicent,Water,Ghost,5,Water-Absorb,Cursed-Body,Damp,480,100,60,70,85,105,60,False,False,False
593,594,Alomomola,Water,,5,Healer,Hydration,Regenerator,470,165,75,80,40,45,65,False,False,False
594,595,Joltik,Bug,Electric,5,Compound-Eyes,Unnerve,Swarm,319,50,47,50,57,50,65,False,False,False
595,596,Galvantula,Bug,Electric,5,Compound-Eyes,Unnerve,Swarm,472,70,77,60,97,60,108,False,False,False
596,597,Ferroseed,Grass,Steel,5,Iron-Barbs,,,305,44,50,91,24,86,10,False,False,False
597,598,Ferrothorn,Grass,Steel,5,Iron-Barbs,,Anticipation,489,74,94,131,54,116,20,False,False,False
598,599,Klink,Steel,,5,Plus,Minus,Clear-Body,300,40,55,70,45,60,30,False,False,False
599,600,Klang,Steel,,5,Plus,Minus,Clear-Body,440,60,80,95,70,85,50,False,False,False
600,601,Klinklang,Steel,,5,Plus,Minus,Clear-Body,520,60,100,115,70,85,90,False,False,False
601,602,Tynamo,Electric,,5,Levitate,,,275,35,55,40,45,40,60,False,False,False
602,603,Eelektrik,Electric,,5,Levitate,,,405,65,85,70,75,70,40,False,False,False
603,604,Eelektross,Electric,,5,Levitate,,,515,85,115,80,105,80,50,False,False,False
604,605,Elgyem,Psychic,,5,Telepathy,Synchronize,Analytic,335,55,55,55,85,55,30,False,False,False
605,606,Beheeyem,Psychic,,5,Telepathy,Synchronize,Analytic,485,75,75,75,125,95,40,False,False,False
606,607,Litwick,Ghost,Fire,5,Flash-Fire,Flame-Body,Infiltrator,275,50,30,55,65,55,20,False,False,False
607,608,Lampent,Ghost,Fire,5,Flash-Fire,Flame-Body,Infiltrator,370,60,40,60,95,60,55,False,False,False
608,609,Chandelure,Ghost,Fire,5,Flash-Fire,Flame-Body,Infiltrator,520,60,55,90,145,90,80,False,False,False
609,610,Axew,Dragon,,5,Rivalry,Mold-Breaker,Unnerve,320,46,87,60,30,40,57,False,False,False
610,611,Fraxure,Dragon,,5,Rivalry,Mold-Breaker,Unnerve,410,66,117,70,40,50,67,False,False,False
611,612,Haxorus,Dragon,,5,Rivalry,Mold-Breaker,Unnerve,540,76,147,90,60,70,97,False,False,False
612,613,Cubchoo,Ice,,5,Snow-Cloak,Slush-Rush,Rattled,305,55,70,40,60,40,40,False,False,False
613,614,Beartic,Ice,,5,Snow-Cloak,Slush-Rush,Swift-Swim,505,95,130,80,70,80,50,False,False,False
614,615,Cryogonal,Ice,,5,Levitate,,,515,80,50,50,95,135,105,False,False,False
615,616,Shelmet,Bug,,5,Hydration,Shell-Armor,Overcoat,305,50,40,85,40,65,25,False,False,False
616,617,Accelgor,Bug,,5,Hydration,Sticky-Hold,Unburden,495,80,70,40,100,60,145,False,False,False
617,618,Stunfisk,Ground,Electric,5,Static,Limber,Sand-Veil,471,109,66,84,81,99,32,False,False,False
618,619,Mienfoo,Fighting,,5,Inner-Focus,Regenerator,Reckless,350,45,85,50,55,50,65,False,False,False
619,620,Mienshao,Fighting,,5,Inner-Focus,Regenerator,Reckless,510,65,125,60,95,60,105,False,False,False
620,621,Druddigon,Dragon,,5,Rough-Skin,Sheer-Force,Mold-Breaker,485,77,120,90,60,90,48,False,False,False
621,622,Golett,Ground,Ghost,5,Iron-Fist,Klutz,No-Guard,303,59,74,50,35,50,35,False,False,False
622,623,Golurk,Ground,Ghost,5,Iron-Fist,Klutz,No-Guard,483,89,124,80,55,80,55,False,False,False
623,624,Pawniard,Dark,Steel,5,Defiant,Inner-Focus,Pressure,340,45,85,70,40,40,60,False,False,False
624,625,Bisharp,Dark,Steel,5,Defiant,Inner-Focus,Pressure,490,65,125,100,60,70,70,False,False,False
625,626,Bouffalant,Normal,,5,Reckless,Sap-Sipper,Soundproof,490,95,110,95,40,95,55,False,False,False
626,627,Rufflet,Normal,Flying,5,Keen-Eye,Sheer-Force,Hustle,350,70,83,50,37,50,60,False,False,False
627,628,Braviary,Normal,Flying,5,Keen-Eye,Sheer-Force,Defiant,510,100,123,75,57,75,80,False,False,False
628,629,Vullaby,Dark,Flying,5,Big-Pecks,Overcoat,Weak-Armor,370,70,55,75,45,65,60,False,False,False
629,630,Mandibuzz,Dark,Flying,5,Big-Pecks,Overcoat,Weak-Armor,510,110,65,105,55,95,80,False,False,False
630,631,Heatmor,Fire,,5,Gluttony,Flash-Fire,White-Smoke,484,85,97,66,105,66,65,False,False,False
631,632,Durant,Bug,Steel,5,Swarm,Hustle,Truant,484,58,109,112,48,48,109,False,False,False
632,633,Deino,Dark,Dragon,5,Hustle,,,300,52,65,50,45,50,38,False,False,False
633,634,Zweilous,Dark,Dragon,5,Hustle,,,420,72,85,70,65,70,58,False,False,False
634,635,Hydreigon,Dark,Dragon,5,Levitate,,,600,92,105,90,125,90,98,False,False,True
635,636,Larvesta,Bug,Fire,5,Flame-Body,,Swarm,360,55,85,55,50,55,60,False,False,False
636,637,Volcarona,Bug,Fire,5,Flame-Body,,Swarm,550,85,60,65,135,105,100,False,False,False
637,638,Cobalion,Steel,Fighting,5,Justified,,,580,91,90,129,90,72,108,True,False,False
638,639,Terrakion,Rock,Fighting,5,Justified,,,580,91,129,90,72,90,108,True,False,False
639,640,Virizion,Grass,Fighting,5,Justified,,,580,91,90,72,90,129,108,True,False,False
640,641,Tornadus-Incarnate,Flying,,5,Prankster,,Defiant,580,79,115,70,125,80,111,True,False,False
641,642,Thundurus-Incarnate,Electric,Flying,5,Prankster,,Defiant,580,79,115,70,125,80,111,True,False,False
642,643,Reshiram,Dragon,Fire,5,Turboblaze,,,680,100,120,100,150,120,90,True,False,False
643,644,Zekrom,Dragon,Electric,5,Teravolt,,,680,100,150,120,120,100,90,True,False,False
644,645,Landorus-Incarnate,Ground,Flying,5,Sand-Force,,Sheer-Force,600,89,125,90,115,80,101,True,False,False
645,646,Kyurem,Dragon,Ice,5,Pressure,,,660,125,130,90,130,90,95,True,False,False
646,647,Keldeo-Ordinary,Water,Fighting,5,Justified,,,580,91,72,90,129,90,108,False,True,False
647,648,Meloetta-Aria,Normal,Psychic,5,Serene-Grace,,,600,100,77,77,128,128,90,False,True,False
648,649,Genesect,Bug,Steel,5,Download,,,600,71,120,95,120,95,99,False,True,False
649,650,Chespin,Grass,,6,Overgrow,,Bulletproof,313,56,61,65,48,45,38,False,False,False
650,651,Quilladin,Grass,,6,Overgrow,,Bulletproof,405,61,78,95,56,58,57,False,False,False
651,652,Chesnaught,Grass,Fighting,6,Overgrow,,Bulletproof,530,88,107,122,74,75,64,False,False,False
652,653,Fennekin,Fire,,6,Blaze,,Magician,307,40,45,40,62,60,60,False,False,False
653,654,Braixen,Fire,,6,Blaze,,Magician,409,59,59,58,90,70,73,False,False,False
654,655,Delphox,Fire,Psychic,6,Blaze,,Magician,534,75,69,72,114,100,104,False,False,False
655,656,Froakie,Water,,6,Torrent,,Protean,314,41,56,40,62,44,71,False,False,False
656,657,Frogadier,Water,,6,Torrent,,Protean,405,54,63,52,83,56,97,False,False,False
657,658,Greninja,Water,Dark,6,Torrent,,Protean,530,72,95,67,103,71,122,False,False,False
658,659,Bunnelby,Normal,,6,Pickup,Cheek-Pouch,Huge-Power,237,38,36,38,32,36,57,False,False,False
659,660,Diggersby,Normal,Ground,6,Pickup,Cheek-Pouch,Huge-Power,423,85,56,77,50,77,78,False,False,False
660,661,Fletchling,Normal,Flying,6,Big-Pecks,,Gale-Wings,278,45,50,43,40,38,62,False,False,False
661,662,Fletchinder,Fire,Flying,6,Flame-Body,,Gale-Wings,382,62,73,55,56,52,84,False,False,False
662,663,Talonflame,Fire,Flying,6,Flame-Body,,Gale-Wings,499,78,81,71,74,69,126,False,False,False
663,664,Scatterbug,Bug,,6,Shield-Dust,Compound-Eyes,Friend-Guard,200,38,35,40,27,25,35,False,False,False
664,665,Spewpa,Bug,,6,Shed-Skin,,Friend-Guard,213,45,22,60,27,30,29,False,False,False
665,666,Vivillon,Bug,Flying,6,Shield-Dust,Compound-Eyes,Friend-Guard,411,80,52,50,90,50,89,False,False,False
666,667,Litleo,Fire,Normal,6,Rivalry,Unnerve,Moxie,369,62,50,58,73,54,72,False,False,False
667,668,Pyroar,Fire,Normal,6,Rivalry,Unnerve,Moxie,507,86,68,72,109,66,106,False,False,False
668,669,Flabebe,Fairy,,6,Flower-Veil,,Symbiosis,303,44,38,39,61,79,42,False,False,False
669,670,Floette,Fairy,,6,Flower-Veil,,Symbiosis,371,54,45,47,75,98,52,False,False,False
670,671,Florges,Fairy,,6,Flower-Veil,,Symbiosis,552,78,65,68,112,154,75,False,False,False
671,672,Skiddo,Grass,,6,Sap-Sipper,,Grass-Pelt,350,66,65,48,62,57,52,False,False,False
672,673,Gogoat,Grass,,6,Sap-Sipper,,Grass-Pelt,531,123,100,62,97,81,68,False,False,False
673,674,Pancham,Fighting,,6,Iron-Fist,Mold-Breaker,Scrappy,348,67,82,62,46,48,43,False,False,False
674,675,Pangoro,Fighting,Dark,6,Iron-Fist,Mold-Breaker,Scrappy,495,95,124,78,69,71,58,False,False,False
675,676,Furfrou,Normal,,6,Fur-Coat,,,472,75,80,60,65,90,102,False,False,False
676,677,Espurr,Psychic,,6,Keen-Eye,Infiltrator,Own-Tempo,355,62,48,54,63,60,68,False,False,False
677,678,Meowstic-Male,Psychic,,6,Keen-Eye,Infiltrator,Prankster,466,74,48,76,83,81,104,False,False,False
678,679,Honedge,Steel,Ghost,6,No-Guard,,,325,45,80,100,35,37,28,False,False,False
679,680,Doublade,Steel,Ghost,6,No-Guard,,,448,59,110,150,45,49,35,False,False,False
680,681,Aegislash-Shield,Steel,Ghost,6,Stance-Change,,,500,60,50,140,50,140,60,False,False,False
681,682,Spritzee,Fairy,,6,Healer,,Aroma-Veil,341,78,52,60,63,65,23,False,False,False
682,683,Aromatisse,Fairy,,6,Healer,,Aroma-Veil,462,101,72,72,99,89,29,False,False,False
683,684,Swirlix,Fairy,,6,Sweet-Veil,,Unburden,341,62,48,66,59,57,49,False,False,False
684,685,Slurpuff,Fairy,,6,Sweet-Veil,,Unburden,480,82,80,86,85,75,72,False,False,False
685,686,Inkay,Dark,Psychic,6,Contrary,Suction-Cups,Infiltrator,288,53,54,53,37,46,45,False,False,False
686,687,Malamar,Dark,Psychic,6,Contrary,Suction-Cups,Infiltrator,482,86,92,88,68,75,73,False,False,False
687,688,Binacle,Rock,Water,6,Tough-Claws,Sniper,Pickpocket,306,42,52,67,39,56,50,False,False,False
688,689,Barbaracle,Rock,Water,6,Tough-Claws,Sniper,Pickpocket,500,72,105,115,54,86,68,False,False,False
689,690,Skrelp,Poison,Water,6,Poison-Point,Poison-Touch,Adaptability,320,50,60,60,60,60,30,False,False,False
690,691,Dragalge,Poison,Dragon,6,Poison-Point,Poison-Touch,Adaptability,494,65,75,90,97,123,44,False,False,False
691,692,Clauncher,Water,,6,Mega-Launcher,,,330,50,53,62,58,63,44,False,False,False
692,693,Clawitzer,Water,,6,Mega-Launcher,,,500,71,73,88,120,89,59,False,False,False
693,694,Helioptile,Electric,Normal,6,Dry-Skin,Sand-Veil,Solar-Power,289,44,38,33,61,43,70,False,False,False
694,695,Heliolisk,Electric,Normal,6,Dry-Skin,Sand-Veil,Solar-Power,481,62,55,52,109,94,109,False,False,False
695,696,Tyrunt,Rock,Dragon,6,Strong-Jaw,,Sturdy,362,58,89,77,45,45,48,False,False,False
696,697,Tyrantrum,Rock,Dragon,6,Strong-Jaw,,Rock-Head,521,82,121,119,69,59,71,False,False,False
697,698,Amaura,Rock,Ice,6,Refrigerate,,Snow-Warning,362,77,59,50,67,63,46,False,False,False
698,699,Aurorus,Rock,Ice,6,Refrigerate,,Snow-Warning,521,123,77,72,99,92,58,False,False,False
699,700,Sylveon,Fairy,,6,Cute-Charm,,Pixilate,525,95,65,65,110,130,60,False,False,False
700,701,Hawlucha,Fighting,Flying,6,Limber,Unburden,Mold-Breaker,500,78,92,75,74,63,118,False,False,False
701,702,Dedenne,Electric,Fairy,6,Cheek-Pouch,Pickup,Plus,431,67,58,57,81,67,101,False,False,False
702,703,Carbink,Rock,Fairy,6,Clear-Body,,Sturdy,500,50,50,150,50,150,50,False,False,False
703,704,Goomy,Dragon,,6,Sap-Sipper,Hydration,Gooey,300,45,50,35,55,75,40,False,False,False
704,705,Sliggoo,Dragon,,6,Sap-Sipper,Hydration,Gooey,452,68,75,53,83,113,60,False,False,False
705,706,Goodra,Dragon,,6,Sap-Sipper,Hydration,Gooey,600,90,100,70,110,150,80,False,False,True
706,707,Klefki,Steel,Fairy,6,Prankster,,Magician,470,57,80,91,80,87,75,False,False,False
707,708,Phantump,Ghost,Grass,6,Natural-Cure,Frisk,Harvest,309,43,70,48,50,60,38,False,False,False
708,709,Trevenant,Ghost,Grass,6,Natural-Cure,Frisk,Harvest,474,85,110,76,65,82,56,False,False,False
709,710,Pumpkaboo-Average,Ghost,Grass,6,Pickup,Frisk,Insomnia,335,49,66,70,44,55,51,False,False,False
710,711,Gourgeist-Average,Ghost,Grass,6,Pickup,Frisk,Insomnia,494,65,90,122,58,75,84,False,False,False
711,712,Bergmite,Ice,,6,Own-Tempo,Ice-Body,Sturdy,304,55,69,85,32,35,28,False,False,False
712,713,Avalugg,Ice,,6,Own-Tempo,Ice-Body,Sturdy,514,95,117,184,44,46,28,False,False,False
713,714,Noibat,Flying,Dragon,6,Frisk,Infiltrator,Telepathy,245,40,30,35,45,40,55,False,False,False
714,715,Noivern,Flying,Dragon,6,Frisk,Infiltrator,Telepathy,535,85,70,80,97,80,123,False,False,False
715,716,Xerneas,Fairy,,6,Fairy-Aura,,,680,126,131,95,131,98,99,True,False,False
716,717,Yveltal,Dark,Flying,6,Dark-Aura,,,680,126,131,95,131,98,99,True,False,False
717,718,Zygarde-50,Dragon,Ground,6,Aura-Break,,,600,108,100,121,81,95,95,True,False,False
718,719,Diancie,Rock,Fairy,6,Clear-Body,,,600,50,100,150,100,150,50,False,True,False
719,720,Hoopa,Psychic,Ghost,6,Magician,,,600,80,110,60,150,130,70,False,True,False
720,721,Volcanion,Fire,Water,6,Water-Absorb,,,600,80,110,120,130,90,70,False,True,False
721,722,Rowlet,Grass,Flying,7,Overgrow,,Long-Reach,320,68,55,55,50,50,42,False,False,False
722,723,Dartrix,Grass,Flying,7,Overgrow,,Long-Reach,420,78,75,75,70,70,52,False,False,False
723,724,Decidueye,Grass,Ghost,7,Overgrow,,Long-Reach,530,78,107,75,100,100,70,False,False,False
724,725,Litten,Fire,,7,Blaze,,Intimidate,320,45,65,40,60,40,70,False,False,False
725,726,Torracat,Fire,,7,Blaze,,Intimidate,420,65,85,50,80,50,90,False,False,False
726,727,Incineroar,Fire,Dark,7,Blaze,,Intimidate,530,95,115,90,80,90,60,False,False,False
727,728,Popplio,Water,,7,Torrent,,Liquid-Voice,320,50,54,54,66,56,40,False,False,False
728,729,Brionne,Water,,7,Torrent,,Liquid-Voice,420,60,69,69,91,81,50,False,False,False
729,730,Primarina,Water,Fairy,7,Torrent,,Liquid-Voice,530,80,74,74,126,116,60,False,False,False
730,731,Pikipek,Normal,Flying,7,Keen-Eye,Skill-Link,Pickup,265,35,75,30,30,30,65,False,False,False
731,732,Trumbeak,Normal,Flying,7,Keen-Eye,Skill-Link,Pickup,355,55,85,50,40,50,75,False,False,False
732,733,Toucannon,Normal,Flying,7,Keen-Eye,Skill-Link,Sheer-Force,485,80,120,75,75,75,60,False,False,False
733,734,Yungoos,Normal,,7,Stakeout,Strong-Jaw,Adaptability,253,48,70,30,30,30,45,False,False,False
734,735,Gumshoos,Normal,,7,Stakeout,Strong-Jaw,Adaptability,418,88,110,60,55,60,45,False,False,False
735,736,Grubbin,Bug,,7,Swarm,,,300,47,62,45,55,45,46,False,False,False
736,737,Charjabug,Bug,Electric,7,Battery,,,400,57,82,95,55,75,36,False,False,False
737,738,Vikavolt,Bug,Electric,7,Levitate,,,500,77,70,90,145,75,43,False,False,False
738,739,Crabrawler,Fighting,,7,Hyper-Cutter,Iron-Fist,Anger-Point,338,47,82,57,42,47,63,False,False,False
739,740,Crabominable,Fighting,Ice,7,Hyper-Cutter,Iron-Fist,Anger-Point,478,97,132,77,62,67,43,False,False,False
740,741,Oricorio-Baile,Fire,Flying,7,Dancer,,,476,75,70,70,98,70,93,False,False,False
741,742,Cutiefly,Bug,Fairy,7,Honey-Gather,Shield-Dust,Sweet-Veil,304,40,45,40,55,40,84,False,False,False
742,743,Ribombee,Bug,Fairy,7,Honey-Gather,Shield-Dust,Sweet-Veil,464,60,55,60,95,70,124,False,False,False
743,744,Rockruff,Rock,,7,Keen-Eye,Vital-Spirit,Steadfast,280,45,65,40,30,40,60,False,False,False
744,745,Lycanroc-Midday,Rock,,7,Keen-Eye,Sand-Rush,Steadfast,487,75,115,65,55,65,112,False,False,False
745,746,Wishiwashi-Solo,Water,,7,Schooling,,,175,45,20,20,25,25,40,False,False,False
746,747,Mareanie,Poison,Water,7,Merciless,Limber,Regenerator,305,50,53,62,43,52,45,False,False,False
747,748,Toxapex,Poison,Water,7,Merciless,Limber,Regenerator,495,50,63,152,53,142,35,False,False,False
748,749,Mudbray,Ground,,7,Own-Tempo,Stamina,Inner-Focus,385,70,100,70,45,55,45,False,False,False
749,750,Mudsdale,Ground,,7,Own-Tempo,Stamina,Inner-Focus,500,100,125,100,55,85,35,False,False,False
750,751,Dewpider,Water,Bug,7,Water-Bubble,,Water-Absorb,269,38,40,52,40,72,27,False,False,False
751,752,Araquanid,Water,Bug,7,Water-Bubble,,Water-Absorb,454,68,70,92,50,132,42,False,False,False
752,753,Fomantis,Grass,,7,Leaf-Guard,,Contrary,250,40,55,35,50,35,35,False,False,False
753,754,Lurantis,Grass,,7,Leaf-Guard,,Contrary,480,70,105,90,80,90,45,False,False,False
754,755,Morelull,Grass,Fairy,7,Illuminate,Effect-Spore,Rain-Dish,285,40,35,55,65,75,15,False,False,False
755,756,Shiinotic,Grass,Fairy,7,Illuminate,Effect-Spore,Rain-Dish,405,60,45,80,90,100,30,False,False,False
756,757,Salandit,Poison,Fire,7,Corrosion,,Oblivious,320,48,44,40,71,40,77,False,False,False
757,758,Salazzle,Poison,Fire,7,Corrosion,,Oblivious,480,68,64,60,111,60,117,False,False,False
758,759,Stufful,Normal,Fighting,7,Fluffy,Klutz,Cute-Charm,340,70,75,50,45,50,50,False,False,False
759,760,Bewear,Normal,Fighting,7,Fluffy,Klutz,Unnerve,500,120,125,80,55,60,60,False,False,False
760,761,Bounsweet,Grass,,7,Leaf-Guard,Oblivious,Sweet-Veil,210,42,30,38,30,38,32,False,False,False
761,762,Steenee,Grass,,7,Leaf-Guard,Oblivious,Sweet-Veil,290,52,40,48,40,48,62,False,False,False
762,763,Tsareena,Grass,,7,Leaf-Guard,Queenly-Majesty,Sweet-Veil,510,72,120,98,50,98,72,False,False,False
763,764,Comfey,Fairy,,7,Flower-Veil,Triage,Natural-Cure,485,51,52,90,82,110,100,False,False,False
764,765,Oranguru,Normal,Psychic,7,Inner-Focus,Telepathy,Symbiosis,490,90,60,80,90,110,60,False,False,False
765,766,Passimian,Fighting,,7,Receiver,,Defiant,490,100,120,90,40,60,80,False,False,False
766,767,Wimpod,Bug,Water,7,Wimp-Out,,,230,25,35,40,20,30,80,False,False,False
767,768,Golisopod,Bug,Water,7,Emergency-Exit,,,530,75,125,140,60,90,40,False,False,False
768,769,Sandygast,Ghost,Ground,7,Water-Compaction,,Sand-Veil,320,55,55,80,70,45,15,False,False,False
769,770,Palossand,Ghost,Ground,7,Water-Compaction,,Sand-Veil,480,85,75,110,100,75,35,False,False,False
770,771,Pyukumuku,Water,,7,Innards-Out,,Unaware,410,55,60,130,30,130,5,False,False,False
771,772,Type-Null,Normal,,7,Battle-Armor,,,534,95,95,95,95,95,59,False,False,False
772,773,Silvally,Normal,,7,Rks-System,,,570,95,95,95,95,95,95,False,False,False
773,774,Minior-Red-Meteor,Rock,Flying,7,Shields-Down,,,440,60,60,100,60,100,60,False,False,False
774,775,Komala,Normal,,7,Comatose,,,480,65,115,65,75,95,65,False,False,False
775,776,Turtonator,Fire,Dragon,7,Shell-Armor,,,485,60,78,135,91,85,36,False,False,False
776,777,Togedemaru,Electric,Steel,7,Iron-Barbs,Lightning-Rod,Sturdy,435,65,98,63,40,73,96,False,False,False
777,778,Mimikyu-Disguised,Ghost,Fairy,7,Disguise,,,476,55,90,80,50,105,96,False,False,False
778,779,Bruxish,Water,Psychic,7,Dazzling,Strong-Jaw,Wonder-Skin,475,68,105,70,70,70,92,False,False,False
779,780,Drampa,Normal,Dragon,7,Berserk,Sap-Sipper,Cloud-Nine,485,78,60,85,135,91,36,False,False,False
780,781,Dhelmise,Ghost,Grass,7,Steelworker,,,517,70,131,100,86,90,40,False,False,False
781,782,Jangmo-O,Dragon,,7,Bulletproof,Soundproof,Overcoat,300,45,55,65,45,45,45,False,False,False
782,783,Hakamo-O,Dragon,Fighting,7,Bulletproof,Soundproof,Overcoat,420,55,75,90,65,70,65,False,False,False
783,784,Kommo-O,Dragon,Fighting,7,Bulletproof,Soundproof,Overcoat,600,75,110,125,100,105,85,False,False,True
784,785,Tapu-Koko,Electric,Fairy,7,Electric-Surge,,Telepathy,570,70,115,85,95,75,130,True,False,False
785,786,Tapu-Lele,Psychic,Fairy,7,Psychic-Surge,,Telepathy,570,70,85,75,130,115,95,True,False,False
786,787,Tapu-Bulu,Grass,Fairy,7,Grassy-Surge,,Telepathy,570,70,130,115,85,95,75,True,False,False
787,788,Tapu-Fini,Water,Fairy,7,Misty-Surge,,Telepathy,570,70,75,115,95,130,85,True,False,False
788,789,Cosmog,Psychic,,7,Unaware,,,200,43,29,31,29,31,37,True,False,False
789,790,Cosmoem,Psychic,,7,Sturdy,,,400,43,29,131,29,131,37,True,False,False
790,791,Solgaleo,Psychic,Steel,7,Full-Metal-Body,,,680,137,137,107,113,89,97,True,False,False
791,792,Lunala,Psychic,Ghost,7,Shadow-Shield,,,680,137,113,89,137,107,97,True,False,False
792,793,Nihilego,Rock,Poison,7,Beast-Boost,,,570,109,53,47,127,131,103,False,False,False
793,794,Buzzwole,Bug,Fighting,7,Beast-Boost,,,570,107,139,139,53,53,79,False,False,False
794,795,Pheromosa,Bug,Fighting,7,Beast-Boost,,,570,71,137,37,137,37,151,False,False,False
795,796,Xurkitree,Electric,,7,Beast-Boost,,,570,83,89,71,173,71,83,False,False,False
796,797,Celesteela,Steel,Flying,7,Beast-Boost,,,570,97,101,103,107,101,61,False,False,False
797,798,Kartana,Grass,Steel,7,Beast-Boost,,,570,59,181,131,59,31,109,False,False,False
798,799,Guzzlord,Dark,Dragon,7,Beast-Boost,,,570,223,101,53,97,53,43,False,False,False
799,800,Necrozma,Psychic,,7,Prism-Armor,,,600,97,107,101,127,89,79,True,False,False
800,801,Magearna,Steel,Fairy,7,Soul-Heart,,,600,80,95,115,130,115,65,False,True,False
801,802,Marshadow,Fighting,Ghost,7,Technician,,,600,90,125,80,90,90,125,False,True,False
802,803,Poipole,Poison,,7,Beast-Boost,,,420,67,73,67,73,67,73,False,False,False
803,804,Naganadel,Poison,Dragon,7,Beast-Boost,,,540,73,73,73,127,73,121,False,False,False
804,805,Stakataka,Rock,Steel,7,Beast-Boost,,,570,61,131,211,53,101,13,False,False,False
805,806,Blacephalon,Fire,Ghost,7,Beast-Boost,,,570,53,127,53,151,79,107,False,False,False
806,807,Zeraora,Electric,,7,Volt-Absorb,,,600,88,112,75,102,80,143,False,True,False
807,808,Meltan,Steel,,7,Magnet-Pull,,,300,46,65,65,55,35,34,False,True,False
808,809,Melmetal,Steel,,7,Iron-Fist,,,600,135,143,143,80,65,34,False,True,False
809,810,Grookey,Grass,,8,Overgrow,,Grassy-Surge,310,50,65,50,40,40,65,False,False,False
810,811,Thwackey,Grass,,8,Overgrow,,Grassy-Surge,420,70,85,70,55,60,80,False,False,False
811,812,Rillaboom,Grass,,8,Overgrow,,Grassy-Surge,530,100,125,90,60,70,85,False,False,False
812,813,Scorbunny,Fire,,8,Blaze,,Libero,310,50,71,40,40,40,69,False,False,False
813,814,Raboot,Fire,,8,Blaze,,Libero,420,65,86,60,55,60,94,False,False,False
814,815,Cinderace,Fire,,8,Blaze,,Libero,530,80,116,75,65,75,119,False,False,False
815,816,Sobble,Water,,8,Torrent,,Sniper,310,50,40,40,70,40,70,False,False,False
816,817,Drizzile,Water,,8,Torrent,,Sniper,420,65,60,55,95,55,90,False,False,False
817,818,Inteleon,Water,,8,Torrent,,Sniper,530,70,85,65,125,65,120,False,False,False
818,819,Skwovet,Normal,,8,Cheek-Pouch,,Gluttony,275,70,55,55,35,35,25,False,False,False
819,820,Greedent,Normal,,8,Cheek-Pouch,,Gluttony,460,120,95,95,55,75,20,False,False,False
820,821,Rookidee,Flying,,8,Keen-Eye,Unnerve,Big-Pecks,245,38,47,35,33,35,57,False,False,False
821,822,Corvisquire,Flying,,8,Keen-Eye,Unnerve,Big-Pecks,365,68,67,55,43,55,77,False,False,False
822,823,Corviknight,Flying,Steel,8,Pressure,Unnerve,Mirror-Armor,495,98,87,105,53,85,67,False,False,False
823,824,Blipbug,Bug,,8,Swarm,Compound-Eyes,Telepathy,180,25,20,20,25,45,45,False,False,False
824,825,Dottler,Bug,Psychic,8,Swarm,Compound-Eyes,Telepathy,335,50,35,80,50,90,30,False,False,False
825,826,Orbeetle,Bug,Psychic,8,Swarm,Frisk,Telepathy,505,60,45,110,80,120,90,False,False,False
826,827,Nickit,Dark,,8,Run-Away,Unburden,Stakeout,245,40,28,28,47,52,50,False,False,False
827,828,Thievul,Dark,,8,Run-Away,Unburden,Stakeout,455,70,58,58,87,92,90,False,False,False
828,829,Gossifleur,Grass,,8,Cotton-Down,Regenerator,Effect-Spore,250,40,40,60,40,60,10,False,False,False
829,830,Eldegoss,Grass,,8,Cotton-Down,Regenerator,Effect-Spore,460,60,50,90,80,120,60,False,False,False
830,831,Wooloo,Normal,,8,Fluffy,Run-Away,Bulletproof,270,42,40,55,40,45,48,False,False,False
831,832,Dubwool,Normal,,8,Fluffy,Steadfast,Bulletproof,490,72,80,100,60,90,88,False,False,False
832,833,Chewtle,Water,,8,Strong-Jaw,Shell-Armor,Swift-Swim,284,50,64,50,38,38,44,False,False,False
833,834,Drednaw,Water,Rock,8,Strong-Jaw,Shell-Armor,Swift-Swim,485,90,115,90,48,68,74,False,False,False
834,835,Yamper,Electric,,8,Ball-Fetch,,Rattled,270,59,45,50,40,50,26,False,False,False
835,836,Boltund,Electric,,8,Strong-Jaw,,Competitive,490,69,90,60,90,60,121,False,False,False
836,837,Rolycoly,Rock,,8,Steam-Engine,Heatproof,Flash-Fire,240,30,40,50,40,50,30,False,False,False
837,838,Carkol,Rock,Fire,8,Steam-Engine,Flame-Body,Flash-Fire,410,80,60,90,60,70,50,False,False,False
838,839,Coalossal,Rock,Fire,8,Steam-Engine,Flame-Body,Flash-Fire,510,110,80,120,80,90,30,False,False,False
839,840,Applin,Grass,Dragon,8,Ripen,Gluttony,Bulletproof,260,40,40,80,40,40,20,False,False,False
840,841,Flapple,Grass,Dragon,8,Ripen,Gluttony,Hustle,485,70,110,80,95,60,70,False,False,False
841,842,Appletun,Grass,Dragon,8,Ripen,Gluttony,Thick-Fat,485,110,85,80,100,80,30,False,False,False
842,843,Silicobra,Ground,,8,Sand-Spit,Shed-Skin,Sand-Veil,315,52,57,75,35,50,46,False,False,False
843,844,Sandaconda,Ground,,8,Sand-Spit,Shed-Skin,Sand-Veil,510,72,107,125,65,70,71,False,False,False
844,845,Cramorant,Flying,Water,8,Gulp-Missile,,,475,70,85,55,85,95,85,False,False,False
845,846,Arrokuda,Water,,8,Swift-Swim,,Propeller-Tail,280,41,63,40,40,30,66,False,False,False
846,847,Barraskewda,Water,,8,Swift-Swim,,Propeller-Tail,490,61,123,60,60,50,136,False,False,False
847,848,Toxel,Electric,Poison,8,Rattled,Static,Klutz,242,40,38,35,54,35,40,False,False,False
848,849,Toxtricity-Amped,Electric,Poison,8,Punk-Rock,Plus,Technician,502,75,98,70,114,70,75,False,False,False
849,850,Sizzlipede,Fire,Bug,8,Flash-Fire,White-Smoke,Flame-Body,305,50,65,45,50,50,45,False,False,False
850,851,Centiskorch,Fire,Bug,8,Flash-Fire,White-Smoke,Flame-Body,525,100,115,65,90,90,65,False,False,False
851,852,Clobbopus,Fighting,,8,Limber,,Technician,310,50,68,60,50,50,32,False,False,False
852,853,Grapploct,Fighting,,8,Limber,,Technician,480,80,118,90,70,80,42,False,False,False
853,854,Sinistea,Ghost,,8,Weak-Armor,,Cursed-Body,308,40,45,45,74,54,50,False,False,False
854,855,Polteageist,Ghost,,8,Weak-Armor,,Cursed-Body,508,60,65,65,134,114,70,False,False,False
855,856,Hatenna,Psychic,,8,Healer,Anticipation,Magic-Bounce,265,42,30,45,56,53,39,False,False,False
856,857,Hattrem,Psychic,,8,Healer,Anticipation,Magic-Bounce,370,57,40,65,86,73,49,False,False,False
857,858,Hatterene,Psychic,Fairy,8,Healer,Anticipation,Magic-Bounce,510,57,90,95,136,103,29,False,False,False
858,859,Impidimp,Dark,Fairy,8,Prankster,Frisk,Pickpocket,265,45,45,30,55,40,50,False,False,False
859,860,Morgrem,Dark,Fairy,8,Prankster,Frisk,Pickpocket,370,65,60,45,75,55,70,False,False,False
860,861,Grimmsnarl,Dark,Fairy,8,Prankster,Frisk,Pickpocket,510,95,120,65,95,75,60,False,False,False
861,862,Obstagoon,Dark,Normal,8,Reckless,Guts,Defiant,520,93,90,101,60,81,95,False,False,False
862,863,Perrserker,Steel,,8,Battle-Armor,Tough-Claws,Steely-Spirit,440,70,110,100,50,60,50,False,False,False
863,864,Cursola,Ghost,,8,Weak-Armor,,Perish-Body,510,60,95,50,145,130,30,False,False,False
864,865,Sirfetchd,Fighting,,8,Steadfast,,Scrappy,507,62,135,95,68,82,65,False,False,False
865,866,Mr-Rime,Ice,Psychic,8,Tangled-Feet,Screen-Cleaner,Ice-Body,520,80,85,75,110,100,70,False,False,False
866,867,Runerigus,Ground,Ghost,8,Wandering-Spirit,,,483,58,95,145,50,105,30,False,False,False
867,868,Milcery,Fairy,,8,Sweet-Veil,,Aroma-Veil,270,45,40,40,50,61,34,False,False,False
868,869,Alcremie,Fairy,,8,Sweet-Veil,,Aroma-Veil,495,65,60,75,110,121,64,False,False,False
869,870,Falinks,Fighting,,8,Battle-Armor,,Defiant,470,65,100,100,70,60,75,False,False,False
870,871,Pincurchin,Electric,,8,Lightning-Rod,,Electric-Surge,435,48,101,95,91,85,15,False,False,False
871,872,Snom,Ice,Bug,8,Shield-Dust,,Ice-Scales,185,30,25,35,45,30,20,False,False,False
872,873,Frosmoth,Ice,Bug,8,Shield-Dust,,Ice-Scales,475,70,65,60,125,90,65,False,False,False
873,874,Stonjourner,Rock,,8,Power-Spot,,,470,100,125,135,20,20,70,False,False,False
874,875,Eiscue-Ice,Ice,,8,Ice-Face,,,470,75,80,110,65,90,50,False,False,False
875,876,Indeedee-Male,Psychic,Normal,8,Inner-Focus,Synchronize,Psychic-Surge,475,60,65,55,105,95,95,False,False,False
876,877,Morpeko-Full-Belly,Electric,Dark,8,Hunger-Switch,,,436,58,95,58,70,58,97,False,False,False
877,878,Cufant,Steel,,8,Sheer-Force,,Heavy-Metal,330,72,80,49,40,49,40,False,False,False
878,879,Copperajah,Steel,,8,Sheer-Force,,Heavy-Metal,500,122,130,69,80,69,30,False,False,False
879,880,Dracozolt,Electric,Dragon,8,Volt-Absorb,Hustle,Sand-Rush,505,90,100,90,80,70,75,False,False,False
880,881,Arctozolt,Electric,Ice,8,Volt-Absorb,Static,Slush-Rush,505,90,100,90,90,80,55,False,False,False
881,882,Dracovish,Water,Dragon,8,Water-Absorb,Strong-Jaw,Sand-Rush,505,90,90,100,70,80,75,False,False,False
882,883,Arctovish,Water,Ice,8,Water-Absorb,Ice-Body,Slush-Rush,505,90,90,100,80,90,55,False,False,False
883,884,Duraludon,Steel,Dragon,8,Light-Metal,Heavy-Metal,Stalwart,535,70,95,115,120,50,85,False,False,False
884,885,Dreepy,Dragon,Ghost,8,Clear-Body,Infiltrator,Cursed-Body,270,28,60,30,40,30,82,False,False,False
885,886,Drakloak,Dragon,Ghost,8,Clear-Body,Infiltrator,Cursed-Body,410,68,80,50,60,50,102,False,False,False
886,887,Dragapult,Dragon,Ghost,8,Clear-Body,Infiltrator,Cursed-Body,600,88,120,75,100,75,142,False,False,True
887,888,Zacian,Fairy,,8,Intrepid-Sword,,,670,92,130,115,80,115,138,True,False,False
888,889,Zamazenta,Fighting,,8,Dauntless-Shield,,,670,92,130,115,80,115,138,True,False,False
889,890,Eternatus,Poison,Dragon,8,Pressure,,,690,140,85,95,145,95,130,True,False,False
890,891,Kubfu,Fighting,,8,Inner-Focus,,,385,60,90,60,53,50,72,True,False,False
891,892,Urshifu-Single-Strike,Fighting,Dark,8,Unseen-Fist,,,550,100,130,100,63,60,97,True,False,False
892,893,Zarude,Dark,Grass,8,Leaf-Guard,,,600,105,120,105,70,95,105,False,True,False
893,894,Regieleki,Electric,,8,Transistor,,,580,80,100,50,100,50,200,True,False,False
894,895,Regidrago,Dragon,,8,Dragons-Maw,,,580,200,100,50,100,50,80,True,False,False
895,896,Glastrier,Ice,,8,Chilling-Neigh,,,580,100,145,130,65,110,30,True,False,False
896,897,Spectrier,Ghost,,8,Grim-Neigh,,,580,100,65,60,145,80,130,True,False,False
897,898,Calyrex,Psychic,Grass,8,Unnerve,,,500,100,80,80,80,80,80,True,False,False
