Unnamed: 0,ID,Name,Type 1,Type 2,Ability 1,Ability 2,Hidden Ability,HP,Attack,Defense,Special Attack,Special Defense,Speed,Legendary,Mythical,Psuedo-Legendary
0,1,Bulbasaur,Grass,Poison,Overgrow,,Chlorophyll,45,49,49,65,65,45,False,False,False
1,2,Ivysaur,Grass,Poison,Overgrow,,Chlorophyll,60,62,63,80,80,60,False,False,False
2,3,Venusaur,Grass,Poison,Overgrow,,Chlorophyll,80,82,83,100,100,80,False,False,False
3,4,Charmander,Fire,,Blaze,,Solar-Power,39,52,43,60,50,65,False,False,False
4,5,Charmeleon,Fire,,Blaze,,Solar-Power,58,64,58,80,65,80,False,False,False
5,6,Charizard,Fire,Flying,Blaze,,Solar-Power,78,84,78,109,85,100,False,False,False
6,7,Squirtle,Water,,Torrent,,Rain-Dish,44,48,65,50,64,43,False,False,False
7,8,Wartortle,Water,,Torrent,,Rain-Dish,59,63,80,65,80,58,False,False,False
8,9,Blastoise,Water,,Torrent,,Rain-Dish,79,83,100,85,105,78,False,False,False
9,10,Caterpie,Bug,,Shield-Dust,,Run-Away,45,30,35,20,20,45,False,False,False
10,11,Metapod,Bug,,Shed-Skin,,,50,20,55,25,25,30,False,False,False
11,12,Butterfree,Bug,Flying,Compound-Eyes,,Tinted-Lens,60,45,50,90,80,70,False,False,False
12,13,Weedle,Bug,Poison,Shield-Dust,,Run-Away,40,35,30,20,20,50,False,False,False
13,14,Kakuna,Bug,Poison,Shed-Skin,,,45,25,50,25,25,35,False,False,False
14,15,Beedrill,Bug,Poison,Swarm,,Sniper,65,90,40,45,80,75,False,False,False
15,16,Pidgey,Normal,Flying,Keen-Eye,Tangled-Feet,Big-Pecks,40,45,40,35,35,56,False,False,False
16,17,Pidgeotto,Normal,Flying,Keen-Eye,Tangled-Feet,Big-Pecks,63,60,55,50,50,71,False,False,False
17,18,Pidgeot,Normal,Flying,Keen-Eye,Tangled-Feet,Big-Pecks,83,80,75,70,70,101,False,False,False
18,19,Rattata,Normal,,Run-Away,Guts,Hustle,30,56,35,25,35,72,False,False,False
19,20,Raticate,Normal,,Run-Away,Guts,Hustle,55,81,60,50,70,97,False,False,False
20,21,Spearow,Normal,Flying,Keen-Eye,,Sniper,40,60,30,31,31,70,False,False,False
21,22,Fearow,Normal,Flying,Keen-Eye,,Sniper,65,90,65,61,61,100,False,False,False
22,23,Ekans,Poison,,Intimidate,Shed-Skin,Unnerve,35,60,44,40,54,55,False,False,False
23,24,Arbok,Poison,,Intimidate,Shed-Skin,Unnerve,60,95,69,65,79,80,False,False,False
24,25,Pikachu,Electric,,Static,,Lightning-Rod,35,55,40,50,50,90,False,False,False
25,26,Raichu,Electric,,Static,,Lightning-Rod,60,90,55,90,80,110,False,False,False
26,27,Sandshrew,Ground,,Sand-Veil,,Sand-Rush,50,75,85,20,30,40,False,False,False
27,28,Sandslash,Ground,,Sand-Veil,,Sand-Rush,75,100,110,45,55,65,False,False,False
28,29,Nidoran-F,Poison,,Poison-Point,Rivalry,Hustle,55,47,52,40,40,41,False,False,False
29,30,Nidorina,Poison,,Poison-Point,Rivalry,Hustle,70,62,67,55,55,56,False,False,False
30,31,Nidoqueen,Poison,Ground,Poison-Point,Rivalry,Sheer-Force,90,92,87,75,85,76,False,False,False
31,32,Nidoran-M,Poison,,Poison-Point,Rivalry,Hustle,46,57,40,40,40,50,False,False,False
32,33,Nidorino,Poison,,Poison-Point,Rivalry,Hustle,61,72,57,55,55,65,False,False,False
33,34,Nidoking,Poison,Ground,Poison-Point,Rivalry,Sheer-Force,81,102,77,85,75,85,False,False,False
34,35,Clefairy,Fairy,,Cute-Charm,Magic-Guard,Friend-Guard,70,45,48,60,65,35,False,False,False
35,36,Clefable,Fairy,,Cute-Charm,Magic-Guard,Unaware,95,70,73,95,90,60,False,False,False
36,37,Vulpix,Fire,,Flash-Fire,,Drought,38,41,40,50,65,65,False,False,False
37,38,Ninetales,Fire,,Flash-Fire,,Drought,73,76,75,81,100,100,False,False,False
38,39,Jigglypuff,Normal,Fairy,Cute-Charm,Competitive,Friend-Guard,115,45,20,45,25,20,False,False,False
39,40,Wigglytuff,Normal,Fairy,Cute-Charm,Competitive,Frisk,140,70,45,85,50,45,False,False,False
40,41,Zubat,Poison,Flying,Inner-Focus,,Infiltrator,40,45,35,30,40,55,False,False,False
41,42,Golbat,Poison,Flying,Inner-Focus,,Infiltrator,75,80,70,65,75,90,False,False,False
42,43,Oddish,Grass,Poison,Chlorophyll,,Run-Away,45,50,55,75,65,30,False,False,False
43,44,Gloom,Grass,Poison,Chlorophyll,,Stench,60,65,70,85,75,40,False,False,False
44,45,Vileplume,Grass,Poison,Chlorophyll,,Effect-Spore,75,80,85,110,90,50,False,False,False
45,46,Paras,Bug,Grass,Effect-Spore,Dry-Skin,Damp,35,70,55,45,55,25,False,False,False
46,47,Parasect,Bug,Grass,Effect-Spore,Dry-Skin,Damp,60,95,80,60,80,30,False,False,False
47,48,Venonat,Bug,Poison,Compound-Eyes,Tinted-Lens,Run-Away,60,55,50,40,55,45,False,False,False
48,49,Venomoth,Bug,Poison,Shield-Dust,Tinted-Lens,Wonder-Skin,70,65,60,90,75,90,False,False,False
49,50,Diglett,Ground,,Sand-Veil,Arena-Trap,Sand-Force,10,55,25,35,45,95,False,False,False
50,51,Dugtrio,Ground,,Sand-Veil,Arena-Trap,Sand-Force,35,100,50,50,70,120,False,False,False
51,52,Meowth,Normal,,Pickup,Technician,Unnerve,40,45,35,40,40,90,False,False,False
52,53,Persian,Normal,,Limber,Technician,Unnerve,65,70,60,65,65,115,False,False,False
53,54,Psyduck,Water,,Damp,Cloud-Nine,Swift-Swim,50,52,48,65,50,55,False,False,False
54,55,Golduck,Water,,Damp,Cloud-Nine,Swift-Swim,80,82,78,95,80,85,False,False,False
55,56,Mankey,Fighting,,Vital-Spirit,Anger-Point,Defiant,40,80,35,35,45,70,False,False,False
56,57,Primeape,Fighting,,Vital-Spirit,Anger-Point,Defiant,65,105,60,60,70,95,False,False,False
57,58,Growlithe,Fire,,Intimidate,Flash-Fire,Justified,55,70,45,70,50,60,False,False,False
58,59,Arcanine,Fire,,Intimidate,Flash-Fire,Justified,90,110,80,100,80,95,False,False,False
59,60,Poliwag,Water,,Water-Absorb,Damp,Swift-Swim,40,50,40,40,40,90,False,False,False
60,61,Poliwhirl,Water,,Water-Absorb,Damp,Swift-Swim,65,65,65,50,50,90,False,False,False
61,62,Poliwrath,Water,Fighting,Water-Absorb,Damp,Swift-Swim,90,95,95,70,90,70,False,False,False
62,63,Abra,Psychic,,Synchronize,Inner-Focus,Magic-Guard,25,20,15,105,55,90,False,False,False
63,64,Kadabra,Psychic,,Synchronize,Inner-Focus,Magic-Guard,40,35,30,120,70,105,False,False,False
64,65,Alakazam,Psychic,,Synchronize,Inner-Focus,Magic-Guard,55,50,45,135,95,120,False,False,False
65,66,Machop,Fighting,,Guts,No-Guard,Steadfast,70,80,50,35,35,35,False,False,False
66,67,Machoke,Fighting,,Guts,No-Guard,Steadfast,80,100,70,50,60,45,False,False,False
67,68,Machamp,Fighting,,Guts,No-Guard,Steadfast,90,130,80,65,85,55,False,False,False
68,69,Bellsprout,Grass,Poison,Chlorophyll,,Gluttony,50,75,35,70,30,40,False,False,False
69,70,Weepinbell,Grass,Poison,Chlorophyll,,Gluttony,65,90,50,85,45,55,False,False,False
70,71,Victreebel,Grass,Poison,Chlorophyll,,Gluttony,80,105,65,100,70,70,False,False,False
71,72,Tentacool,Water,Poison,Clear-Body,Liquid-Ooze,Rain-Dish,40,40,35,50,100,70,False,False,False
72,73,Tentacruel,Water,Poison,Clear-Body,Liquid-Ooze,Rain-Dish,80,70,65,80,120,100,False,False,False
73,74,Geodude,Rock,Ground,Rock-Head,Sturdy,Sand-Veil,40,80,100,30,30,20,False,False,False
74,75,Graveler,Rock,Ground,Rock-Head,Sturdy,Sand-Veil,55,95,115,45,45,35,False,False,False
75,76,Golem,Rock,Ground,Rock-Head,Sturdy,Sand-Veil,80,120,130,55,65,45,False,False,False
76,77,Ponyta,Fire,,Run-Away,Flash-Fire,Flame-Body,50,85,55,65,65,90,False,False,False
77,78,Rapidash,Fire,,Run-Away,Flash-Fire,Flame-Body,65,100,70,80,80,105,False,False,False
78,79,Slowpoke,Water,Psychic,Oblivious,Own-Tempo,Regenerator,90,65,65,40,40,15,False,False,False
79,80,Slowbro,Water,Psychic,Oblivious,Own-Tempo,Regenerator,95,75,110,100,80,30,False,False,False
80,81,Magnemite,Electric,Steel,Magnet-Pull,Sturdy,Analytic,25,35,70,95,55,45,False,False,False
81,82,Magneton,Electric,Steel,Magnet-Pull,Sturdy,Analytic,50,60,95,120,70,70,False,False,False
82,83,Farfetchd,Normal,Flying,Keen-Eye,Inner-Focus,Defiant,52,90,55,58,62,60,False,False,False
83,84,Doduo,Normal,Flying,Run-Away,Early-Bird,Tangled-Feet,35,85,45,35,35,75,False,False,False
84,85,Dodrio,Normal,Flying,Run-Away,Early-Bird,Tangled-Feet,60,110,70,60,60,110,False,False,False
85,86,Seel,Water,,Thick-Fat,Hydration,Ice-Body,65,45,55,45,70,45,False,False,False
86,87,Dewgong,Water,Ice,Thick-Fat,Hydration,Ice-Body,90,70,80,70,95,70,False,False,False
87,88,Grimer,Poison,,Stench,Sticky-Hold,Poison-Touch,80,80,50,40,50,25,False,False,False
88,89,Muk,Poison,,Stench,Sticky-Hold,Poison-Touch,105,105,75,65,100,50,False,False,False
89,90,Shellder,Water,,Shell-Armor,Skill-Link,Overcoat,30,65,100,45,25,40,False,False,False
90,91,Cloyster,Water,Ice,Shell-Armor,Skill-Link,Overcoat,50,95,180,85,45,70,False,False,False
91,92,Gastly,Ghost,Poison,Levitate,,,30,35,30,100,35,80,False,False,False
92,93,Haunter,Ghost,Poison,Levitate,,,45,50,45,115,55,95,False,False,False
93,94,Gengar,Ghost,Poison,Cursed-Body,,,60,65,60,130,75,110,False,False,False
94,95,Onix,Rock,Ground,Rock-Head,Sturdy,Weak-Armor,35,45,160,30,45,70,False,False,False
95,96,Drowzee,Psychic,,Insomnia,Forewarn,Inner-Focus,60,48,45,43,90,42,False,False,False
96,97,Hypno,Psychic,,Insomnia,Forewarn,Inner-Focus,85,73,70,73,115,67,False,False,False
97,98,Krabby,Water,,Hyper-Cutter,Shell-Armor,Sheer-Force,30,105,90,25,25,50,False,False,False
98,99,Kingler,Water,,Hyper-Cutter,Shell-Armor,Sheer-Force,55,130,115,50,50,75,False,False,False
99,100,Voltorb,Electric,,Soundproof,Static,Aftermath,40,30,50,55,55,100,False,False,False
100,101,Electrode,Electric,,Soundproof,Static,Aftermath,60,50,70,80,80,150,False,False,False
101,102,Exeggcute,Grass,Psychic,Chlorophyll,,Harvest,60,40,80,60,45,40,False,False,False
102,103,Exeggutor,Grass,Psychic,Chlorophyll,,Harvest,95,95,85,125,75,55,False,False,False
103,104,Cubone,Ground,,Rock-Head,Lightning-Rod,Battle-Armor,50,50,95,40,50,35,False,False,False
104,105,Marowak,Ground,,Rock-Head,Lightning-Rod,Battle-Armor,60,80,110,50,80,45,False,False,False
105,106,Hitmonlee,Fighting,,Limber,Reckless,Unburden,50,120,53,35,110,87,False,False,False
106,107,Hitmonchan,Fighting,,Keen-Eye,Iron-Fist,Inner-Focus,50,105,79,35,110,76,False,False,False
107,108,Lickitung,Normal,,Own-Tempo,Oblivious,Cloud-Nine,90,55,75,60,75,30,False,False,False
108,109,Koffing,Poison,,Levitate,Neutralizing-Gas,Stench,40,65,95,60,45,35,False,False,False
109,110,Weezing,Poison,,Levitate,Neutralizing-Gas,Stench,65,90,120,85,70,60,False,False,False
110,111,Rhyhorn,Ground,Rock,Lightning-Rod,Rock-Head,Reckless,80,85,95,30,30,25,False,False,False
111,112,Rhydon,Ground,Rock,Lightning-Rod,Rock-Head,Reckless,105,130,120,45,45,40,False,False,False
112,113,Chansey,Normal,,Natural-Cure,Serene-Grace,Healer,250,5,5,35,105,50,False,False,False
113,114,Tangela,Grass,,Chlorophyll,Leaf-Guard,Regenerator,65,55,115,100,40,60,False,False,False
114,115,Kangaskhan,Normal,,Early-Bird,Scrappy,Inner-Focus,105,95,80,40,80,90,False,False,False
115,116,Horsea,Water,,Swift-Swim,Sniper,Damp,30,40,70,70,25,60,False,False,False
116,117,Seadra,Water,,Poison-Point,Sniper,Damp,55,65,95,95,45,85,False,False,False
117,118,Goldeen,Water,,Swift-Swim,Water-Veil,Lightning-Rod,45,67,60,35,50,63,False,False,False
118,119,Seaking,Water,,Swift-Swim,Water-Veil,Lightning-Rod,80,92,65,65,80,68,False,False,False
119,120,Staryu,Water,,Illuminate,Natural-Cure,Analytic,30,45,55,70,55,85,False,False,False
120,121,Starmie,Water,Psychic,Illuminate,Natural-Cure,Analytic,60,75,85,100,85,115,False,False,False
121,122,Mr-Mime,Psychic,Fairy,Soundproof,Filter,Technician,40,45,65,100,120,90,False,False,False
122,123,Scyther,Bug,Flying,Swarm,Technician,Steadfast,70,110,80,55,80,105,False,False,False
123,124,Jynx,Ice,Psychic,Oblivious,Forewarn,Dry-Skin,65,50,35,115,95,95,False,False,False
124,125,Electabuzz,Electric,,Static,,Vital-Spirit,65,83,57,95,85,105,False,False,False
125,126,Magmar,Fire,,Flame-Body,,Vital-Spirit,65,95,57,100,85,93,False,False,False
126,127,Pinsir,Bug,,Hyper-Cutter,Mold-Breaker,Moxie,65,125,100,55,70,85,False,False,False
127,128,Tauros,Normal,,Intimidate,Anger-Point,Sheer-Force,75,100,95,40,70,110,False,False,False
128,129,Magikarp,Water,,Swift-Swim,,Rattled,20,10,55,15,20,80,False,False,False
129,130,Gyarados,Water,Flying,Intimidate,,Moxie,95,125,79,60,100,81,False,False,False
130,131,Lapras,Water,Ice,Water-Absorb,Shell-Armor,Hydration,130,85,80,85,95,60,False,False,False
131,132,Ditto,Normal,,Limber,,Imposter,48,48,48,48,48,48,False,False,False
132,133,Eevee,Normal,,Run-Away,Adaptability,Anticipation,55,55,50,45,65,55,False,False,False
133,134,Vaporeon,Water,,Water-Absorb,,Hydration,130,65,60,110,95,65,False,False,False
134,135,Jolteon,Electric,,Volt-Absorb,,Quick-Feet,65,65,60,110,95,130,False,False,False
135,136,Flareon,Fire,,Flash-Fire,,Guts,65,130,60,95,110,65,False,False,False
136,137,Porygon,Normal,,Trace,Download,Analytic,65,60,70,85,75,40,False,False,False
137,138,Omanyte,Rock,Water,Swift-Swim,Shell-Armor,Weak-Armor,35,40,100,90,55,35,False,False,False
138,139,Omastar,Rock,Water,Swift-Swim,Shell-Armor,Weak-Armor,70,60,125,115,70,55,False,False,False
139,140,Kabuto,Rock,Water,Swift-Swim,Battle-Armor,Weak-Armor,30,80,90,55,45,55,False,False,False
140,141,Kabutops,Rock,Water,Swift-Swim,Battle-Armor,Weak-Armor,60,115,105,65,70,80,False,False,False
141,142,Aerodactyl,Rock,Flying,Rock-Head,Pressure,Unnerve,80,105,65,60,75,130,False,False,False
142,143,Snorlax,Normal,,Immunity,Thick-Fat,Gluttony,160,110,65,65,110,30,False,False,False
143,144,Articuno,Ice,Flying,Pressure,,Snow-Cloak,90,85,100,95,125,85,True,False,False
144,145,Zapdos,Electric,Flying,Pressure,,Static,90,90,85,125,90,100,True,False,False
145,146,Moltres,Fire,Flying,Pressure,,Flame-Body,90,100,90,125,85,90,True,False,False
146,147,Dratini,Dragon,,Shed-Skin,,Marvel-Scale,41,64,45,50,50,50,False,False,False
147,148,Dragonair,Dragon,,Shed-Skin,,Marvel-Scale,61,84,65,70,70,70,False,False,False
148,149,Dragonite,Dragon,Flying,Inner-Focus,,Multiscale,91,134,95,100,100,80,False,False,True
149,150,Mewtwo,Psychic,,Pressure,,Unnerve,106,110,90,154,90,130,True,False,False
150,151,Mew,Psychic,,Synchronize,,,100,100,100,100,100,100,False,True,False
151,152,Chikorita,Grass,,Overgrow,,Leaf-Guard,45,49,65,49,65,45,False,False,False
152,153,Bayleef,Grass,,Overgrow,,Leaf-Guard,60,62,80,63,80,60,False,False,False
153,154,Meganium,Grass,,Overgrow,,Leaf-Guard,80,82,100,83,100,80,False,False,False
154,155,Cyndaquil,Fire,,Blaze,,Flash-Fire,39,52,43,60,50,65,False,False,False
155,156,Quilava,Fire,,Blaze,,Flash-Fire,58,64,58,80,65,80,False,False,False
156,157,Typhlosion,Fire,,Blaze,,Flash-Fire,78,84,78,109,85,100,False,False,False
157,158,Totodile,Water,,Torrent,,Sheer-Force,50,65,64,44,48,43,False,False,False
158,159,Croconaw,Water,,Torrent,,Sheer-Force,65,80,80,59,63,58,False,False,False
159,160,Feraligatr,Water,,Torrent,,Sheer-Force,85,105,100,79,83,78,False,False,False
160,161,Sentret,Normal,,Run-Away,Keen-Eye,Frisk,35,46,34,35,45,20,False,False,False
161,162,Furret,Normal,,Run-Away,Keen-Eye,Frisk,85,76,64,45,55,90,False,False,False
162,163,Hoothoot,Normal,Flying,Insomnia,Keen-Eye,Tinted-Lens,60,30,30,36,56,50,False,False,False
163,164,Noctowl,Normal,Flying,Insomnia,Keen-Eye,Tinted-Lens,100,50,50,86,96,70,False,False,False
164,165,Ledyba,Bug,Flying,Swarm,Early-Bird,Rattled,40,20,30,40,80,55,False,False,False
165,166,Ledian,Bug,Flying,Swarm,Early-Bird,Iron-Fist,55,35,50,55,110,85,False,False,False
166,167,Spinarak,Bug,Poison,Swarm,Insomnia,Sniper,40,60,40,40,40,30,False,False,False
167,168,Ariados,Bug,Poison,Swarm,Insomnia,Sniper,70,90,70,60,70,40,False,False,False
168,169,Crobat,Poison,Flying,Inner-Focus,,Infiltrator,85,90,80,70,80,130,False,False,False
169,170,Chinchou,Water,Electric,Volt-Absorb,Illuminate,Water-Absorb,75,38,38,56,56,67,False,False,False
170,171,Lanturn,Water,Electric,Volt-Absorb,Illuminate,Water-Absorb,125,58,58,76,76,67,False,False,False
171,172,Pichu,Electric,,Static,,Lightning-Rod,20,40,15,35,35,60,False,False,False
172,173,Cleffa,Fairy,,Cute-Charm,Magic-Guard,Friend-Guard,50,25,28,45,55,15,False,False,False
173,174,Igglybuff,Normal,Fairy,Cute-Charm,Competitive,Friend-Guard,90,30,15,40,20,15,False,False,False
174,175,Togepi,Fairy,,Hustle,Serene-Grace,Super-Luck,35,20,65,40,65,20,False,False,False
175,176,Togetic,Fairy,Flying,Hustle,Serene-Grace,Super-Luck,55,40,85,80,105,40,False,False,False
176,177,Natu,Psychic,Flying,Synchronize,Early-Bird,Magic-Bounce,40,50,45,70,45,70,False,False,False
177,178,Xatu,Psychic,Flying,Synchronize,Early-Bird,Magic-Bounce,65,75,70,95,70,95,False,False,False
178,179,Mareep,Electric,,Static,,Plus,55,40,40,65,45,35,False,False,False
179,180,Flaaffy,Electric,,Static,,Plus,70,55,55,80,60,45,False,False,False
180,181,Ampharos,Electric,,Static,,Plus,90,75,85,115,90,55,False,False,False
181,182,Bellossom,Grass,,Chlorophyll,,Healer,75,80,95,90,100,50,False,False,False
182,183,Marill,Water,Fairy,Thick-Fat,Huge-Power,Sap-Sipper,70,20,50,20,50,40,False,False,False
183,184,Azumarill,Water,Fairy,Thick-Fat,Huge-Power,Sap-Sipper,100,50,80,60,80,50,False,False,False
184,185,Sudowoodo,Rock,,Sturdy,Rock-Head,Rattled,70,100,115,30,65,30,False,False,False
185,186,Politoed,Water,,Water-Absorb,Damp,Drizzle,90,75,75,90,100,70,False,False,False
186,187,Hoppip,Grass,Flying,Chlorophyll,Leaf-Guard,Infiltrator,35,35,40,35,55,50,False,False,False
187,188,Skiploom,Grass,Flying,Chlorophyll,Leaf-Guard,Infiltrator,55,45,50,45,65,80,False,False,False
188,189,Jumpluff,Grass,Flying,Chlorophyll,Leaf-Guard,Infiltrator,75,55,70,55,95,110,False,False,False
189,190,Aipom,Normal,,Run-Away,Pickup,Skill-Link,55,70,55,40,55,85,False,False,False
190,191,Sunkern,Grass,,Chlorophyll,Solar-Power,Early-Bird,30,30,30,30,30,30,False,False,False
191,192,Sunflora,Grass,,Chlorophyll,Solar-Power,Early-Bird,75,75,55,105,85,30,False,False,False
192,193,Yanma,Bug,Flying,Speed-Boost,Compound-Eyes,Frisk,65,65,45,75,45,95,False,False,False
193,194,Wooper,Water,Ground,Damp,Water-Absorb,Unaware,55,45,45,25,25,15,False,False,False
194,195,Quagsire,Water,Ground,Damp,Water-Absorb,Unaware,95,85,85,65,65,35,False,False,False
195,196,Espeon,Psychic,,Synchronize,,Magic-Bounce,65,65,60,130,95,110,False,False,False
196,197,Umbreon,Dark,,Synchronize,,Inner-Focus,95,65,110,60,130,65,False,False,False
197,198,Murkrow,Dark,Flying,Insomnia,Super-Luck,Prankster,60,85,42,85,42,91,False,False,False
198,199,Slowking,Water,Psychic,Oblivious,Own-Tempo,Regenerator,95,75,80,100,110,30,False,False,False
199,200,Misdreavus,Ghost,,Levitate,,,60,60,60,85,85,85,False,False,False
200,201,Unown,Psychic,,Levitate,,,48,72,48,72,48,48,False,False,False
201,202,Wobbuffet,Psychic,,Shadow-Tag,,Telepathy,190,33,58,33,58,33,False,False,False
202,203,Girafarig,Normal,Psychic,Inner-Focus,Early-Bird,Sap-Sipper,70,80,65,90,65,85,False,False,False
203,204,Pineco,Bug,,Sturdy,,Overcoat,50,65,90,35,35,15,False,False,False
204,205,Forretress,Bug,Steel,Sturdy,,Overcoat,75,90,140,60,60,40,False,False,False
205,206,Dunsparce,Normal,,Serene-Grace,Run-Away,Rattled,100,70,70,65,65,45,False,False,False
206,207,Gligar,Ground,Flying,Hyper-Cutter,Sand-Veil,Immunity,65,75,105,35,65,85,False,False,False
207,208,Steelix,Steel,Ground,Rock-Head,Sturdy,Sheer-Force,75,85,200,55,65,30,False,False,False
208,209,Snubbull,Fairy,,Intimidate,Run-Away,Rattled,60,80,50,40,40,30,False,False,False
209,210,Granbull,Fairy,,Intimidate,Quick-Feet,Rattled,90,120,75,60,60,45,False,False,False
210,211,Qwilfish,Water,Poison,Poison-Point,Swift-Swim,Intimidate,65,95,85,55,55,85,False,False,False
211,212,Scizor,Bug,Steel,Swarm,Technician,Light-Metal,70,130,100,55,80,65,False,False,False
212,213,Shuckle,Bug,Rock,Sturdy,Gluttony,Contrary,20,10,230,10,230,5,False,False,False
213,214,Heracross,Bug,Fighting,Swarm,Guts,Moxie,80,125,75,40,95,85,False,False,False
214,215,Sneasel,Dark,Ice,Inner-Focus,Keen-Eye,Pickpocket,55,95,55,35,75,115,False,False,False
215,216,Teddiursa,Normal,,Pickup,Quick-Feet,Honey-Gather,60,80,50,50,50,40,False,False,False
216,217,Ursaring,Normal,,Guts,Quick-Feet,Unnerve,90,130,75,75,75,55,False,False,False
217,218,Slugma,Fire,,Magma-Armor,Flame-Body,Weak-Armor,40,40,40,70,40,20,False,False,False
218,219,Magcargo,Fire,Rock,Magma-Armor,Flame-Body,Weak-Armor,60,50,120,90,80,30,False,False,False
219,220,Swinub,Ice,Ground,Oblivious,Snow-Cloak,Thick-Fat,50,50,40,30,30,50,False,False,False
220,221,Piloswine,Ice,Ground,Oblivious,Snow-Cloak,Thick-Fat,100,100,80,60,60,50,False,False,False
221,222,Corsola,Water,Rock,Hustle,Natural-Cure,Regenerator,65,55,95,65,95,35,False,False,False
222,223,Remoraid,Water,,Hustle,Sniper,Moody,35,65,35,65,35,65,False,False,False
223,224,Octillery,Water,,Suction-Cups,Sniper,Moody,75,105,75,105,75,45,False,False,False
224,225,Delibird,Ice,Flying,Vital-Spirit,Hustle,Insomnia,45,55,45,65,45,75,False,False,False
225,226,Mantine,Water,Flying,Swift-Swim,Water-Absorb,Water-Veil,85,40,70,80,140,70,False,False,False
226,227,Skarmory,Steel,Flying,Keen-Eye,Sturdy,Weak-Armor,65,80,140,40,70,70,False,False,False
227,228,Houndour,Dark,Fire,Early-Bird,Flash-Fire,Unnerve,45,60,30,80,50,65,False,False,False
228,229,Houndoom,Dark,Fire,Early-Bird,Flash-Fire,Unnerve,75,90,50,110,80,95,False,False,False
229,230,Kingdra,Water,Dragon,Swift-Swim,Sniper,Damp,75,95,95,95,95,85,False,False,False
230,231,Phanpy,Ground,,Pickup,,Sand-Veil,90,60,60,40,40,40,False,False,False
231,232,Donphan,Ground,,Sturdy,,Sand-Veil,90,120,120,60,60,50,False,False,False
232,233,Porygon2,Normal,,Trace,Download,Analytic,85,80,90,105,95,60,False,False,False
233,234,Stantler,Normal,,Intimidate,Frisk,Sap-Sipper,73,95,62,85,65,85,False,False,False
234,235,Smeargle,Normal,,Own-Tempo,Technician,Moody,55,20,35,20,45,75,False,False,False
235,236,Tyrogue,Fighting,,Guts,Steadfast,Vital-Spirit,35,35,35,35,35,35,False,False,False
236,237,Hitmontop,Fighting,,Intimidate,Technician,Steadfast,50,95,95,35,110,70,False,False,False
237,238,Smoochum,Ice,Psychic,Oblivious,Forewarn,Hydration,45,30,15,85,65,65,False,False,False
238,239,Elekid,Electric,,Static,,Vital-Spirit,45,63,37,65,55,95,False,False,False
239,240,Magby,Fire,,Flame-Body,,Vital-Spirit,45,75,37,70,55,83,False,False,False
240,241,Miltank,Normal,,Thick-Fat,Scrappy,Sap-Sipper,95,80,105,40,70,100,False,False,False
241,242,Blissey,Normal,,Natural-Cure,Serene-Grace,Healer,255,10,10,75,135,55,False,False,False
242,243,Raikou,Electric,,Pressure,,Inner-Focus,90,85,75,115,100,115,True,False,False
243,244,Entei,Fire,,Pressure,,Inner-Focus,115,115,85,90,75,100,True,False,False
244,245,Suicune,Water,,Pressure,,Inner-Focus,100,75,115,90,115,85,True,False,False
245,246,Larvitar,Rock,Ground,Guts,,Sand-Veil,50,64,50,45,50,41,False,False,False
246,247,Pupitar,Rock,Ground,Shed-Skin,,,70,84,70,65,70,51,False,False,False
247,248,Tyranitar,Rock,Dark,Sand-Stream,,Unnerve,100,134,110,95,100,61,False,False,True
248,249,Lugia,Psychic,Flying,Pressure,,Multiscale,106,90,130,90,154,110,True,False,False
249,250,Ho-Oh,Fire,Flying,Pressure,,Regenerator,106,130,90,110,154,90,True,False,False
250,251,Celebi,Psychic,Grass,Natural-Cure,,,100,100,100,100,100,100,False,True,False
251,252,Treecko,Grass,,Overgrow,,Unburden,40,45,35,65,55,70,False,False,False
252,253,Grovyle,Grass,,Overgrow,,Unburden,50,65,45,85,65,95,False,False,False
253,254,Sceptile,Grass,,Overgrow,,Unburden,70,85,65,105,85,120,False,False,False
254,255,Torchic,Fire,,Blaze,,Speed-Boost,45,60,40,70,50,45,False,False,False
255,256,Combusken,Fire,Fighting,Blaze,,Speed-Boost,60,85,60,85,60,55,False,False,False
256,257,Blaziken,Fire,Fighting,Blaze,,Speed-Boost,80,120,70,110,70,80,False,False,False
257,258,Mudkip,Water,,Torrent,,Damp,50,70,50,50,50,40,False,False,False
258,259,Marshtomp,Water,Ground,Torrent,,Damp,70,85,70,60,70,50,False,False,False
259,260,Swampert,Water,Ground,Torrent,,Damp,100,110,90,85,90,60,False,False,False
260,261,Poochyena,Dark,,Run-Away,Quick-Feet,Rattled,35,55,35,30,30,35,False,False,False
261,262,Mightyena,Dark,,Intimidate,Quick-Feet,Moxie,70,90,70,60,60,70,False,False,False
262,263,Zigzagoon,Normal,,Pickup,Gluttony,Quick-Feet,38,30,41,30,41,60,False,False,False
263,264,Linoone,Normal,,Pickup,Gluttony,Quick-Feet,78,70,61,50,61,100,False,False,False
264,265,Wurmple,Bug,,Shield-Dust,,Run-Away,45,45,35,20,30,20,False,False,False
265,266,Silcoon,Bug,,Shed-Skin,,,50,35,55,25,25,15,False,False,False
266,267,Beautifly,Bug,Flying,Swarm,,Rivalry,60,70,50,100,50,65,False,False,False
267,268,Cascoon,Bug,,Shed-Skin,,,50,35,55,25,25,15,False,False,False
268,269,Dustox,Bug,Poison,Shield-Dust,,Compound-Eyes,60,50,70,50,90,65,False,False,False
269,270,Lotad,Water,Grass,Swift-Swim,Rain-Dish,Own-Tempo,40,30,30,40,50,30,False,False,False
270,271,Lombre,Water,Grass,Swift-Swim,Rain-Dish,Own-Tempo,60,50,50,60,70,50,False,False,False
271,272,Ludicolo,Water,Grass,Swift-Swim,Rain-Dish,Own-Tempo,80,70,70,90,100,70,False,False,False
272,273,Seedot,Grass,,Chlorophyll,Early-Bird,Pickpocket,40,40,50,30,30,30,False,False,False
273,274,Nuzleaf,Grass,Dark,Chlorophyll,Early-Bird,Pickpocket,70,70,40,60,40,60,False,False,False
274,275,Shiftry,Grass,Dark,Chlorophyll,Early-Bird,Pickpocket,90,100,60,90,60,80,False,False,False
275,276,Taillow,Normal,Flying,Guts,,Scrappy,40,55,30,30,30,85,False,False,False
276,277,Swellow,Normal,Flying,Guts,,Scrappy,60,85,60,75,50,125,False,False,False
277,278,Wingull,Water,Flying,Keen-Eye,Hydration,Rain-Dish,40,30,30,55,30,85,False,False,False
278,279,Pelipper,Water,Flying,Keen-Eye,Drizzle,Rain-Dish,60,50,100,95,70,65,False,False,False
279,280,Ralts,Psychic,Fairy,Synchronize,Trace,Telepathy,28,25,25,45,35,40,False,False,False
280,281,Kirlia,Psychic,Fairy,Synchronize,Trace,Telepathy,38,35,35,65,55,50,False,False,False
281,282,Gardevoir,Psychic,Fairy,Synchronize,Trace,Telepathy,68,65,65,125,115,80,False,False,False
282,283,Surskit,Bug,Water,Swift-Swim,,Rain-Dish,40,30,32,50,52,65,False,False,False
283,284,Masquerain,Bug,Flying,Intimidate,,Unnerve,70,60,62,100,82,80,False,False,False
284,285,Shroomish,Grass,,Effect-Spore,Poison-Heal,Quick-Feet,60,40,60,40,60,35,False,False,False
285,286,Breloom,Grass,Fighting,Effect-Spore,Poison-Heal,Technician,60,130,80,60,60,70,False,False,False
286,287,Slakoth,Normal,,Truant,,,60,60,60,35,35,30,False,False,False
287,288,Vigoroth,Normal,,Vital-Spirit,,,80,80,80,55,55,90,False,False,False
288,289,Slaking,Normal,,Truant,,,150,160,100,95,65,100,False,False,False
289,290,Nincada,Bug,Ground,Compound-Eyes,,Run-Away,31,45,90,30,30,40,False,False,False
290,291,Ninjask,Bug,Flying,Speed-Boost,,Infiltrator,61,90,45,50,50,160,False,False,False
291,292,Shedinja,Bug,Ghost,Wonder-Guard,,,1,90,45,30,30,40,False,False,False
292,293,Whismur,Normal,,Soundproof,,Rattled,64,51,23,51,23,28,False,False,False
293,294,Loudred,Normal,,Soundproof,,Scrappy,84,71,43,71,43,48,False,False,False
294,295,Exploud,Normal,,Soundproof,,Scrappy,104,91,63,91,73,68,False,False,False
295,296,Makuhita,Fighting,,Thick-Fat,Guts,Sheer-Force,72,60,30,20,30,25,False,False,False
296,297,Hariyama,Fighting,,Thick-Fat,Guts,Sheer-Force,144,120,60,40,60,50,False,False,False
297,298,Azurill,Normal,Fairy,Thick-Fat,Huge-Power,Sap-Sipper,50,20,40,20,40,20,False,False,False
298,299,Nosepass,Rock,,Sturdy,Magnet-Pull,Sand-Force,30,45,135,45,90,30,False,False,False
299,300,Skitty,Normal,,Cute-Charm,Normalize,Wonder-Skin,50,45,45,35,35,50,False,False,False
300,301,Delcatty,Normal,,Cute-Charm,Normalize,Wonder-Skin,70,65,65,55,55,90,False,False,False
301,302,Sableye,Dark,Ghost,Keen-Eye,Stall,Prankster,50,75,75,65,65,50,False,False,False
302,303,Mawile,Steel,Fairy,Hyper-Cutter,Intimidate,Sheer-Force,50,85,85,55,55,50,False,False,False
303,304,Aron,Steel,Rock,Sturdy,Rock-Head,Heavy-Metal,50,70,100,40,40,30,False,False,False
304,305,Lairon,Steel,Rock,Sturdy,Rock-Head,Heavy-Metal,60,90,140,50,50,40,False,False,False
305,306,Aggron,Steel,Rock,Sturdy,Rock-Head,Heavy-Metal,70,110,180,60,60,50,False,False,False
306,307,Meditite,Fighting,Psychic,Pure-Power,,Telepathy,30,40,55,40,55,60,False,False,False
307,308,Medicham,Fighting,Psychic,Pure-Power,,Telepathy,60,60,75,60,75,80,False,False,False
308,309,Electrike,Electric,,Static,Lightning-Rod,Minus,40,45,40,65,40,65,False,False,False
309,310,Manectric,Electric,,Static,Lightning-Rod,Minus,70,75,60,105,60,105,False,False,False
310,311,Plusle,Electric,,Plus,,Lightning-Rod,60,50,40,85,75,95,False,False,False
311,312,Minun,Electric,,Minus,,Volt-Absorb,60,40,50,75,85,95,False,False,False
312,313,Volbeat,Bug,,Illuminate,Swarm,Prankster,65,73,75,47,85,85,False,False,False
313,314,Illumise,Bug,,Oblivious,Tinted-Lens,Prankster,65,47,75,73,85,85,False,False,False
314,315,Roselia,Grass,Poison,Natural-Cure,Poison-Point,Leaf-Guard,50,60,45,100,80,65,False,False,False
315,316,Gulpin,Poison,,Liquid-Ooze,Sticky-Hold,Gluttony,70,43,53,43,53,40,False,False,False
316,317,Swalot,Poison,,Liquid-Ooze,Sticky-Hold,Gluttony,100,73,83,73,83,55,False,False,False
317,318,Carvanha,Water,Dark,Rough-Skin,,Speed-Boost,45,90,20,65,20,65,False,False,False
318,319,Sharpedo,Water,Dark,Rough-Skin,,Speed-Boost,70,120,40,95,40,95,False,False,False
319,320,Wailmer,Water,,Water-Veil,Oblivious,Pressure,130,70,35,70,35,60,False,False,False
320,321,Wailord,Water,,Water-Veil,Oblivious,Pressure,170,90,45,90,45,60,False,False,False
321,322,Numel,Fire,Ground,Oblivious,Simple,Own-Tempo,60,60,40,65,45,35,False,False,False
322,323,Camerupt,Fire,Ground,Magma-Armor,Solid-Rock,Anger-Point,70,100,70,105,75,40,False,False,False
323,324,Torkoal,Fire,,White-Smoke,Drought,Shell-Armor,70,85,140,85,70,20,False,False,False
324,325,Spoink,Psychic,,Thick-Fat,Own-Tempo,Gluttony,60,25,35,70,80,60,False,False,False
325,326,Grumpig,Psychic,,Thick-Fat,Own-Tempo,Gluttony,80,45,65,90,110,80,False,False,False
326,327,Spinda,Normal,,Own-Tempo,Tangled-Feet,Contrary,60,60,60,60,60,60,False,False,False
327,328,Trapinch,Ground,,Hyper-Cutter,Arena-Trap,Sheer-Force,45,100,45,45,45,10,False,False,False
328,329,Vibrava,Ground,Dragon,Levitate,,,50,70,50,50,50,70,False,False,False
329,330,Flygon,Ground,Dragon,Levitate,,,80,100,80,80,80,100,False,False,False
330,331,Cacnea,Grass,,Sand-Veil,,Water-Absorb,50,85,40,85,40,35,False,False,False
331,332,Cacturne,Grass,Dark,Sand-Veil,,Water-Absorb,70,115,60,115,60,55,False,False,False
332,333,Swablu,Normal,Flying,Natural-Cure,,Cloud-Nine,45,40,60,40,75,50,False,False,False
333,334,Altaria,Dragon,Flying,Natural-Cure,,Cloud-Nine,75,70,90,70,105,80,False,False,False
334,335,Zangoose,Normal,,Immunity,,Toxic-Boost,73,115,60,60,60,90,False,False,False
335,336,Seviper,Poison,,Shed-Skin,,Infiltrator,73,100,60,100,60,65,False,False,False
336,337,Lunatone,Rock,Psychic,Levitate,,,90,55,65,95,85,70,False,False,False
337,338,Solrock,Rock,Psychic,Levitate,,,90,95,85,55,65,70,False,False,False
338,339,Barboach,Water,Ground,Oblivious,Anticipation,Hydration,50,48,43,46,41,60,False,False,False
339,340,Whiscash,Water,Ground,Oblivious,Anticipation,Hydration,110,78,73,76,71,60,False,False,False
340,341,Corphish,Water,,Hyper-Cutter,Shell-Armor,Adaptability,43,80,65,50,35,35,False,False,False
341,342,Crawdaunt,Water,Dark,Hyper-Cutter,Shell-Armor,Adaptability,63,120,85,90,55,55,False,False,False
342,343,Baltoy,Ground,Psychic,Levitate,,,40,40,55,40,70,55,False,False,False
343,344,Claydol,Ground,Psychic,Levitate,,,60,70,105,70,120,75,False,False,False
344,345,Lileep,Rock,Grass,Suction-Cups,,Storm-Drain,66,41,77,61,87,23,False,False,False
345,346,Cradily,Rock,Grass,Suction-Cups,,Storm-Drain,86,81,97,81,107,43,False,False,False
346,347,Anorith,Rock,Bug,Battle-Armor,,Swift-Swim,45,95,50,40,50,75,False,False,False
347,348,Armaldo,Rock,Bug,Battle-Armor,,Swift-Swim,75,125,100,70,80,45,False,False,False
348,349,Feebas,Water,,Swift-Swim,Oblivious,Adaptability,20,15,20,10,55,80,False,False,False
349,350,Milotic,Water,,Marvel-Scale,Competitive,Cute-Charm,95,60,79,100,125,81,False,False,False
350,351,Castform,Normal,,Forecast,,,70,70,70,70,70,70,False,False,False
351,352,Kecleon,Normal,,Color-Change,,Protean,60,90,70,60,120,40,False,False,False
352,353,Shuppet,Ghost,,Insomnia,Frisk,Cursed-Body,44,75,35,63,33,45,False,False,False
353,354,Banette,Ghost,,Insomnia,Frisk,Cursed-Body,64,115,65,83,63,65,False,False,False
354,355,Duskull,Ghost,,Levitate,,Frisk,20,40,90,30,90,25,False,False,False
355,356,Dusclops,Ghost,,Pressure,,Frisk,40,70,130,60,130,25,False,False,False
356,357,Tropius,Grass,Flying,Chlorophyll,Solar-Power,Harvest,99,68,83,72,87,51,False,False,False
357,358,Chimecho,Psychic,,Levitate,,,75,50,80,95,90,65,False,False,False
358,359,Absol,Dark,,Pressure,Super-Luck,Justified,65,130,60,75,60,75,False,False,False
359,360,Wynaut,Psychic,,Shadow-Tag,,Telepathy,95,23,48,23,48,23,False,False,False
360,361,Snorunt,Ice,,Inner-Focus,Ice-Body,Moody,50,50,50,50,50,50,False,False,False
361,362,Glalie,Ice,,Inner-Focus,Ice-Body,Moody,80,80,80,80,80,80,False,False,False
362,363,Spheal,Ice,Water,Thick-Fat,Ice-Body,Oblivious,70,40,50,55,50,25,False,False,False
363,364,Sealeo,Ice,Water,Thick-Fat,Ice-Body,Oblivious,90,60,70,75,70,45,False,False,False
364,365,Walrein,Ice,Water,Thick-Fat,Ice-Body,Oblivious,110,80,90,95,90,65,False,False,False
365,366,Clamperl,Water,,Shell-Armor,,Rattled,35,64,85,74,55,32,False,False,False
366,367,Huntail,Water,,Swift-Swim,,Water-Veil,55,104,105,94,75,52,False,False,False
367,368,Gorebyss,Water,,Swift-Swim,,Hydration,55,84,105,114,75,52,False,False,False
368,369,Relicanth,Water,Rock,Swift-Swim,Rock-Head,Sturdy,100,90,130,45,65,55,False,False,False
369,370,Luvdisc,Water,,Swift-Swim,,Hydration,43,30,55,40,65,97,False,False,False
370,371,Bagon,Dragon,,Rock-Head,,Sheer-Force,45,75,60,40,30,50,False,False,False
371,372,Shelgon,Dragon,,Rock-Head,,Overcoat,65,95,100,60,50,50,False,False,False
372,373,Salamence,Dragon,Flying,Intimidate,,Moxie,95,135,80,110,80,100,False,False,True
373,374,Beldum,Steel,Psychic,Clear-Body,,Light-Metal,40,55,80,35,60,30,False,False,False
374,375,Metang,Steel,Psychic,Clear-Body,,Light-Metal,60,75,100,55,80,50,False,False,False
375,376,Metagross,Steel,Psychic,Clear-Body,,Light-Metal,80,135,130,95,90,70,False,False,True
376,377,Regirock,Rock,,Clear-Body,,Sturdy,80,100,200,50,100,50,True,False,False
377,378,Regice,Ice,,Clear-Body,,Ice-Body,80,50,100,100,200,50,True,False,False
378,379,Registeel,Steel,,Clear-Body,,Light-Metal,80,75,150,75,150,50,True,False,False
379,380,Latias,Dragon,Psychic,Levitate,,,80,80,90,110,130,110,True,False,False
380,381,Latios,Dragon,Psychic,Levitate,,,80,90,80,130,110,110,True,False,False
381,382,Kyogre,Water,,Drizzle,,,100,100,90,150,140,90,True,False,False
382,383,Groudon,Ground,,Drought,,,100,150,140,100,90,90,True,False,False
383,384,Rayquaza,Dragon,Flying,Air-Lock,,,105,150,90,150,90,95,True,False,False
384,385,Jirachi,Steel,Psychic,Serene-Grace,,,100,100,100,100,100,100,False,True,False
385,386,Deoxys-Normal,Psychic,,Pressure,,,50,150,50,150,50,150,False,True,False
386,387,Turtwig,Grass,,Overgrow,,Shell-Armor,55,68,64,45,55,31,False,False,False
387,388,Grotle,Grass,,Overgrow,,Shell-Armor,75,89,85,55,65,36,False,False,False
388,389,Torterra,Grass,Ground,Overgrow,,Shell-Armor,95,109,105,75,85,56,False,False,False
389,390,Chimchar,Fire,,Blaze,,Iron-Fist,44,58,44,58,44,61,False,False,False
390,391,Monferno,Fire,Fighting,Blaze,,Iron-Fist,64,78,52,78,52,81,False,False,False
391,392,Infernape,Fire,Fighting,Blaze,,Iron-Fist,76,104,71,104,71,108,False,False,False
392,393,Piplup,Water,,Torrent,,Defiant,53,51,53,61,56,40,False,False,False
393,394,Prinplup,Water,,Torrent,,Defiant,64,66,68,81,76,50,False,False,False
394,395,Empoleon,Water,Steel,Torrent,,Defiant,84,86,88,111,101,60,False,False,False
395,396,Starly,Normal,Flying,Keen-Eye,,Reckless,40,55,30,30,30,60,False,False,False
396,397,Staravia,Normal,Flying,Intimidate,,Reckless,55,75,50,40,40,80,False,False,False
397,398,Staraptor,Normal,Flying,Intimidate,,Reckless,85,120,70,50,60,100,False,False,False
398,399,Bidoof,Normal,,Simple,Unaware,Moody,59,45,40,35,40,31,False,False,False
399,400,Bibarel,Normal,Water,Simple,Unaware,Moody,79,85,60,55,60,71,False,False,False
400,401,Kricketot,Bug,,Shed-Skin,,Run-Away,37,25,41,25,41,25,False,False,False
401,402,Kricketune,Bug,,Swarm,,Technician,77,85,51,55,51,65,False,False,False
402,403,Shinx,Electric,,Rivalry,Intimidate,Guts,45,65,34,40,34,45,False,False,False
403,404,Luxio,Electric,,Rivalry,Intimidate,Guts,60,85,49,60,49,60,False,False,False
404,405,Luxray,Electric,,Rivalry,Intimidate,Guts,80,120,79,95,79,70,False,False,False
405,406,Budew,Grass,Poison,Natural-Cure,Poison-Point,Leaf-Guard,40,30,35,50,70,55,False,False,False
406,407,Roserade,Grass,Poison,Natural-Cure,Poison-Point,Technician,60,70,65,125,105,90,False,False,False
407,408,Cranidos,Rock,,Mold-Breaker,,Sheer-Force,67,125,40,30,30,58,False,False,False
408,409,Rampardos,Rock,,Mold-Breaker,,Sheer-Force,97,165,60,65,50,58,False,False,False
409,410,Shieldon,Rock,Steel,Sturdy,,Soundproof,30,42,118,42,88,30,False,False,False
410,411,Bastiodon,Rock,Steel,Sturdy,,Soundproof,60,52,168,47,138,30,False,False,False
411,412,Burmy,Bug,,Shed-Skin,,Overcoat,40,29,45,29,45,36,False,False,False
412,413,Wormadam-Plant,Bug,Grass,Anticipation,,Overcoat,60,59,85,79,105,36,False,False,False
413,414,Mothim,Bug,Flying,Swarm,,Tinted-Lens,70,94,50,94,50,66,False,False,False
414,415,Combee,Bug,Flying,Honey-Gather,,Hustle,30,30,42,30,42,70,False,False,False
415,416,Vespiquen,Bug,Flying,Pressure,,Unnerve,70,80,102,80,102,40,False,False,False
416,417,Pachirisu,Electric,,Run-Away,Pickup,Volt-Absorb,60,45,70,45,90,95,False,False,False
417,418,Buizel,Water,,Swift-Swim,,Water-Veil,55,65,35,60,30,85,False,False,False
418,419,Floatzel,Water,,Swift-Swim,,Water-Veil,85,105,55,85,50,115,False,False,False
419,420,Cherubi,Grass,,Chlorophyll,,,45,35,45,62,53,35,False,False,False
420,421,Cherrim,Grass,,Flower-Gift,,,70,60,70,87,78,85,False,False,False
421,422,Shellos,Water,,Sticky-Hold,Storm-Drain,Sand-Force,76,48,48,57,62,34,False,False,False
422,423,Gastrodon,Water,Ground,Sticky-Hold,Storm-Drain,Sand-Force,111,83,68,92,82,39,False,False,False
423,424,Ambipom,Normal,,Technician,Pickup,Skill-Link,75,100,66,60,66,115,False,False,False
424,425,Drifloon,Ghost,Flying,Aftermath,Unburden,Flare-Boost,90,50,34,60,44,70,False,False,False
425,426,Drifblim,Ghost,Flying,Aftermath,Unburden,Flare-Boost,150,80,44,90,54,80,False,False,False
426,427,Buneary,Normal,,Run-Away,Klutz,Limber,55,66,44,44,56,85,False,False,False
427,428,Lopunny,Normal,,Cute-Charm,Klutz,Limber,65,76,84,54,96,105,False,False,False
428,429,Mismagius,Ghost,,Levitate,,,60,60,60,105,105,105,False,False,False
429,430,Honchkrow,Dark,Flying,Insomnia,Super-Luck,Moxie,100,125,52,105,52,71,False,False,False
430,431,Glameow,Normal,,Limber,Own-Tempo,Keen-Eye,49,55,42,42,37,85,False,False,False
431,432,Purugly,Normal,,Thick-Fat,Own-Tempo,Defiant,71,82,64,64,59,112,False,False,False
432,433,Chingling,Psychic,,Levitate,,,45,30,50,65,50,45,False,False,False
433,434,Stunky,Poison,Dark,Stench,Aftermath,Keen-Eye,63,63,47,41,41,74,False,False,False
434,435,Skuntank,Poison,Dark,Stench,Aftermath,Keen-Eye,103,93,67,71,61,84,False,False,False
435,436,Bronzor,Steel,Psychic,Levitate,Heatproof,Heavy-Metal,57,24,86,24,86,23,False,False,False
436,437,Bronzong,Steel,Psychic,Levitate,Heatproof,Heavy-Metal,67,89,116,79,116,33,False,False,False
437,438,Bonsly,Rock,,Sturdy,Rock-Head,Rattled,50,80,95,10,45,10,False,False,False
438,439,Mime-Jr,Psychic,Fairy,Soundproof,Filter,Technician,20,25,45,70,90,60,False,False,False
439,440,Happiny,Normal,,Natural-Cure,Serene-Grace,Friend-Guard,100,5,5,15,65,30,False,False,False
440,441,Chatot,Normal,Flying,Keen-Eye,Tangled-Feet,Big-Pecks,76,65,45,92,42,91,False,False,False
441,442,Spiritomb,Ghost,Dark,Pressure,,Infiltrator,50,92,108,92,108,35,False,False,False
442,443,Gible,Dragon,Ground,Sand-Veil,,Rough-Skin,58,70,45,40,45,42,False,False,False
443,444,Gabite,Dragon,Ground,Sand-Veil,,Rough-Skin,68,90,65,50,55,82,False,False,False
444,445,Garchomp,Dragon,Ground,Sand-Veil,,Rough-Skin,108,130,95,80,85,102,False,False,True
445,446,Munchlax,Normal,,Pickup,Thick-Fat,Gluttony,135,85,40,40,85,5,False,False,False
446,447,Riolu,Fighting,,Steadfast,Inner-Focus,Prankster,40,70,40,35,40,60,False,False,False
447,448,Lucario,Fighting,Steel,Steadfast,Inner-Focus,Justified,70,110,70,115,70,90,False,False,False
448,449,Hippopotas,Ground,,Sand-Stream,,Sand-Force,68,72,78,38,42,32,False,False,False
449,450,Hippowdon,Ground,,Sand-Stream,,Sand-Force,108,112,118,68,72,47,False,False,False
450,451,Skorupi,Poison,Bug,Battle-Armor,Sniper,Keen-Eye,40,50,90,30,55,65,False,False,False
451,452,Drapion,Poison,Dark,Battle-Armor,Sniper,Keen-Eye,70,90,110,60,75,95,False,False,False
452,453,Croagunk,Poison,Fighting,Anticipation,Dry-Skin,Poison-Touch,48,61,40,61,40,50,False,False,False
453,454,Toxicroak,Poison,Fighting,Anticipation,Dry-Skin,Poison-Touch,83,106,65,86,65,85,False,False,False
454,455,Carnivine,Grass,,Levitate,,,74,100,72,90,72,46,False,False,False
455,456,Finneon,Water,,Swift-Swim,Storm-Drain,Water-Veil,49,49,56,49,61,66,False,False,False
456,457,Lumineon,Water,,Swift-Swim,Storm-Drain,Water-Veil,69,69,76,69,86,91,False,False,False
457,458,Mantyke,Water,Flying,Swift-Swim,Water-Absorb,Water-Veil,45,20,50,60,120,50,False,False,False
458,459,Snover,Grass,Ice,Snow-Warning,,Soundproof,60,62,50,62,60,40,False,False,False
459,460,Abomasnow,Grass,Ice,Snow-Warning,,Soundproof,90,92,75,92,85,60,False,False,False
460,461,Weavile,Dark,Ice,Pressure,,Pickpocket,70,120,65,45,85,125,False,False,False
461,462,Magnezone,Electric,Steel,Magnet-Pull,Sturdy,Analytic,70,70,115,130,90,60,False,False,False
462,463,Lickilicky,Normal,,Own-Tempo,Oblivious,Cloud-Nine,110,85,95,80,95,50,False,False,False
463,464,Rhyperior,Ground,Rock,Lightning-Rod,Solid-Rock,Reckless,115,140,130,55,55,40,False,False,False
464,465,Tangrowth,Grass,,Chlorophyll,Leaf-Guard,Regenerator,100,100,125,110,50,50,False,False,False
465,466,Electivire,Electric,,Motor-Drive,,Vital-Spirit,75,123,67,95,85,95,False,False,False
466,467,Magmortar,Fire,,Flame-Body,,Vital-Spirit,75,95,67,125,95,83,False,False,False
467,468,Togekiss,Fairy,Flying,Hustle,Serene-Grace,Super-Luck,85,50,95,120,115,80,False,False,False
468,469,Yanmega,Bug,Flying,Speed-Boost,Tinted-Lens,Frisk,86,76,86,116,56,95,False,False,False
469,470,Leafeon,Grass,,Leaf-Guard,,Chlorophyll,65,110,130,60,65,95,False,False,False
470,471,Glaceon,Ice,,Snow-Cloak,,Ice-Body,65,60,110,130,95,65,False,False,False
471,472,Gliscor,Ground,Flying,Hyper-Cutter,Sand-Veil,Poison-Heal,75,95,125,45,75,95,False,False,False
472,473,Mamoswine,Ice,Ground,Oblivious,Snow-Cloak,Thick-Fat,110,130,80,70,60,80,False,False,False
473,474,Porygon-Z,Normal,,Adaptability,Download,Analytic,85,80,70,135,75,90,False,False,False
474,475,Gallade,Psychic,Fighting,Steadfast,,Justified,68,125,65,65,115,80,False,False,False
475,476,Probopass,Rock,Steel,Sturdy,Magnet-Pull,Sand-Force,60,55,145,75,150,40,False,False,False
476,477,Dusknoir,Ghost,,Pressure,,Frisk,45,100,135,65,135,45,False,False,False
477,478,Froslass,Ice,Ghost,Snow-Cloak,,Cursed-Body,70,80,70,80,70,110,False,False,False
478,479,Rotom,Electric,Ghost,Levitate,,,50,50,77,95,77,91,False,False,False
479,480,Uxie,Psychic,,Levitate,,,75,75,130,75,130,95,True,False,False
480,481,Mesprit,Psychic,,Levitate,,,80,105,105,105,105,80,True,False,False
481,482,Azelf,Psychic,,Levitate,,,75,125,70,125,70,115,True,False,False
482,483,Dialga,Steel,Dragon,Pressure,,Telepathy,100,120,120,150,100,90,True,False,False
483,484,Palkia,Water,Dragon,Pressure,,Telepathy,90,120,100,150,120,100,True,False,False
484,485,Heatran,Fire,Steel,Flash-Fire,,Flame-Body,91,90,106,130,106,77,True,False,False
485,486,Regigigas,Normal,,Slow-Start,,,110,160,110,80,110,100,True,False,False
486,487,Giratina-Altered,Ghost,Dragon,Pressure,,Telepathy,150,100,120,100,120,90,True,False,False
487,488,Cresselia,Psychic,,Levitate,,,120,70,120,75,130,85,True,False,False
488,489,Phione,Water,,Hydration,,,80,80,80,80,80,80,False,True,False
489,490,Manaphy,Water,,Hydration,,,100,100,100,100,100,100,False,True,False
490,491,Darkrai,Dark,,Bad-Dreams,,,70,90,90,135,90,125,False,True,False
491,492,Shaymin-Land,Grass,,Natural-Cure,,,100,100,100,100,100,100,False,True,False
492,493,Arceus,Normal,,Multitype,,,120,120,120,120,120,120,False,True,False
493,494,Victini,Psychic,Fire,Victory-Star,,,100,100,100,100,100,100,False,True,False
494,495,Snivy,Grass,,Overgrow,,Contrary,45,45,55,45,55,63,False,False,False
495,496,Servine,Grass,,Overgrow,,Contrary,60,60,75,60,75,83,False,False,False
496,497,Serperior,Grass,,Overgrow,,Contrary,75,75,95,75,95,113,False,False,False
497,498,Tepig,Fire,,Blaze,,Thick-Fat,65,63,45,45,45,45,False,False,False
498,499,Pignite,Fire,Fighting,Blaze,,Thick-Fat,90,93,55,70,55,55,False,False,False
499,500,Emboar,Fire,Fighting,Blaze,,Reckless,110,123,65,100,65,65,False,False,False
500,501,Oshawott,Water,,Torrent,,Shell-Armor,55,55,45,63,45,45,False,False,False
501,502,Dewott,Water,,Torrent,,Shell-Armor,75,75,60,83,60,60,False,False,False
502,503,Samurott,Water,,Torrent,,Shell-Armor,95,100,85,108,70,70,False,False,False
503,504,Patrat,Normal,,Run-Away,Keen-Eye,Analytic,45,55,39,35,39,42,False,False,False
504,505,Watchog,Normal,,Illuminate,Keen-Eye,Analytic,60,85,69,60,69,77,False,False,False
505,506,Lillipup,Normal,,Vital-Spirit,Pickup,Run-Away,45,60,45,25,45,55,False,False,False
506,507,Herdier,Normal,,Intimidate,Sand-Rush,Scrappy,65,80,65,35,65,60,False,False,False
507,508,Stoutland,Normal,,Intimidate,Sand-Rush,Scrappy,85,110,90,45,90,80,False,False,False
508,509,Purrloin,Dark,,Limber,Unburden,Prankster,41,50,37,50,37,66,False,False,False
509,510,Liepard,Dark,,Limber,Unburden,Prankster,64,88,50,88,50,106,False,False,False
510,511,Pansage,Grass,,Gluttony,,Overgrow,50,53,48,53,48,64,False,False,False
511,512,Simisage,Grass,,Gluttony,,Overgrow,75,98,63,98,63,101,False,False,False
512,513,Pansear,Fire,,Gluttony,,Blaze,50,53,48,53,48,64,False,False,False
513,514,Simisear,Fire,,Gluttony,,Blaze,75,98,63,98,63,101,False,False,False
514,515,Panpour,Water,,Gluttony,,Torrent,50,53,48,53,48,64,False,False,False
515,516,Simipour,Water,,Gluttony,,Torrent,75,98,63,98,63,101,False,False,False
516,517,Munna,Psychic,,Forewarn,Synchronize,Telepathy,76,25,45,67,55,24,False,False,False
517,518,Musharna,Psychic,,Forewarn,Synchronize,Telepathy,116,55,85,107,95,29,False,False,False
518,519,Pidove,Normal,Flying,Big-Pecks,Super-Luck,Rivalry,50,55,50,36,30,43,False,False,False
519,520,Tranquill,Normal,Flying,Big-Pecks,Super-Luck,Rivalry,62,77,62,50,42,65,False,False,False
520,521,Unfezant,Normal,Flying,Big-Pecks,Super-Luck,Rivalry,80,115,80,65,55,93,False,False,False
521,522,Blitzle,Electric,,Lightning-Rod,Motor-Drive,Sap-Sipper,45,60,32,50,32,76,False,False,False
522,523,Zebstrika,Electric,,Lightning-Rod,Motor-Drive,Sap-Sipper,75,100,63,80,63,116,False,False,False
523,524,Roggenrola,Rock,,Sturdy,Weak-Armor,Sand-Force,55,75,85,25,25,15,False,False,False
524,525,Boldore,Rock,,Sturdy,Weak-Armor,Sand-Force,70,105,105,50,40,20,False,False,False
525,526,Gigalith,Rock,,Sturdy,Sand-Stream,Sand-Force,85,135,130,60,80,25,False,False,False
526,527,Woobat,Psychic,Flying,Unaware,Klutz,Simple,65,45,43,55,43,72,False,False,False
527,528,Swoobat,Psychic,Flying,Unaware,Klutz,Simple,67,57,55,77,55,114,False,False,False
528,529,Drilbur,Ground,,Sand-Rush,Sand-Force,Mold-Breaker,60,85,40,30,45,68,False,False,False
529,530,Excadrill,Ground,Steel,Sand-Rush,Sand-Force,Mold-Breaker,110,135,60,50,65,88,False,False,False
530,531,Audino,Normal,,Healer,Regenerator,Klutz,103,60,86,60,86,50,False,False,False
531,532,Timburr,Fighting,,Guts,Sheer-Force,Iron-Fist,75,80,55,25,35,35,False,False,False
532,533,Gurdurr,Fighting,,Guts,Sheer-Force,Iron-Fist,85,105,85,40,50,40,False,False,False
533,534,Conkeldurr,Fighting,,Guts,Sheer-Force,Iron-Fist,105,140,95,55,65,45,False,False,False
534,535,Tympole,Water,,Swift-Swim,Hydration,Water-Absorb,50,50,40,50,40,64,False,False,False
535,536,Palpitoad,Water,Ground,Swift-Swim,Hydration,Water-Absorb,75,65,55,65,55,69,False,False,False
536,537,Seismitoad,Water,Ground,Swift-Swim,Poison-Touch,Water-Absorb,105,95,75,85,75,74,False,False,False
537,538,Throh,Fighting,,Guts,Inner-Focus,Mold-Breaker,120,100,85,30,85,45,False,False,False
538,539,Sawk,Fighting,,Sturdy,Inner-Focus,Mold-Breaker,75,125,75,30,75,85,False,False,False
539,540,Sewaddle,Bug,Grass,Swarm,Chlorophyll,Overcoat,45,53,70,40,60,42,False,False,False
540,541,Swadloon,Bug,Grass,Leaf-Guard,Chlorophyll,Overcoat,55,63,90,50,80,42,False,False,False
541,542,Leavanny,Bug,Grass,Swarm,Chlorophyll,Overcoat,75,103,80,70,80,92,False,False,False
542,543,Venipede,Bug,Poison,Poison-Point,Swarm,Speed-Boost,30,45,59,30,39,57,False,False,False
543,544,Whirlipede,Bug,Poison,Poison-Point,Swarm,Speed-Boost,40,55,99,40,79,47,False,False,False
544,545,Scolipede,Bug,Poison,Poison-Point,Swarm,Speed-Boost,60,100,89,55,69,112,False,False,False
545,546,Cottonee,Grass,Fairy,Prankster,Infiltrator,Chlorophyll,40,27,60,37,50,66,False,False,False
546,547,Whimsicott,Grass,Fairy,Prankster,Infiltrator,Chlorophyll,60,67,85,77,75,116,False,False,False
547,548,Petilil,Grass,,Chlorophyll,Own-Tempo,Leaf-Guard,45,35,50,70,50,30,False,False,False
548,549,Lilligant,Grass,,Chlorophyll,Own-Tempo,Leaf-Guard,70,60,75,110,75,90,False,False,False
549,550,Basculin-Red-Striped,Water,,Reckless,Adaptability,Mold-Breaker,70,92,65,80,55,98,False,False,False
550,551,Sandile,Ground,Dark,Intimidate,Moxie,Anger-Point,50,72,35,35,35,65,False,False,False
551,552,Krokorok,Ground,Dark,Intimidate,Moxie,Anger-Point,60,82,45,45,45,74,False,False,False
552,553,Krookodile,Ground,Dark,Intimidate,Moxie,Anger-Point,95,117,80,65,70,92,False,False,False
553,554,Darumaka,Fire,,Hustle,,Inner-Focus,70,90,45,15,45,50,False,False,False
554,555,Darmanitan-Standard,Fire,,Sheer-Force,,Zen-Mode,105,140,55,30,55,95,False,False,False
555,556,Maractus,Grass,,Water-Absorb,Chlorophyll,Storm-Drain,75,86,67,106,67,60,False,False,False
556,557,Dwebble,Bug,Rock,Sturdy,Shell-Armor,Weak-Armor,50,65,85,35,35,55,False,False,False
557,558,Crustle,Bug,Rock,Sturdy,Shell-Armor,Weak-Armor,70,105,125,65,75,45,False,False,False
558,559,Scraggy,Dark,Fighting,Shed-Skin,Moxie,Intimidate,50,75,70,35,70,48,False,False,False
559,560,Scrafty,Dark,Fighting,Shed-Skin,Moxie,Intimidate,65,90,115,45,115,58,False,False,False
560,561,Sigilyph,Psychic,Flying,Wonder-Skin,Magic-Guard,Tinted-Lens,72,58,80,103,80,97,False,False,False
561,562,Yamask,Ghost,,Mummy,,,38,30,85,55,65,30,False,False,False
562,563,Cofagrigus,Ghost,,Mummy,,,58,50,145,95,105,30,False,False,False
563,564,Tirtouga,Water,Rock,Solid-Rock,Sturdy,Swift-Swim,54,78,103,53,45,22,False,False,False
564,565,Carracosta,Water,Rock,Solid-Rock,Sturdy,Swift-Swim,74,108,133,83,65,32,False,False,False
565,566,Archen,Rock,Flying,Defeatist,,,55,112,45,74,45,70,False,False,False
566,567,Archeops,Rock,Flying,Defeatist,,,75,140,65,112,65,110,False,False,False
567,568,Trubbish,Poison,,Stench,Sticky-Hold,Aftermath,50,50,62,40,62,65,False,False,False
568,569,Garbodor,Poison,,Stench,Weak-Armor,Aftermath,80,95,82,60,82,75,False,False,False
569,570,Zorua,Dark,,Illusion,,,40,65,40,80,40,65,False,False,False
570,571,Zoroark,Dark,,Illusion,,,60,105,60,120,60,105,False,False,False
571,572,Minccino,Normal,,Cute-Charm,Technician,Skill-Link,55,50,40,40,40,75,False,False,False
572,573,Cinccino,Normal,,Cute-Charm,Technician,Skill-Link,75,95,60,65,60,115,False,False,False
573,574,Gothita,Psychic,,Frisk,Competitive,Shadow-Tag,45,30,50,55,65,45,False,False,False
574,575,Gothorita,Psychic,,Frisk,Competitive,Shadow-Tag,60,45,70,75,85,55,False,False,False
575,576,Gothitelle,Psychic,,Frisk,Competitive,Shadow-Tag,70,55,95,95,110,65,False,False,False
576,577,Solosis,Psychic,,Overcoat,Magic-Guard,Regenerator,45,30,40,105,50,20,False,False,False
577,578,Duosion,Psychic,,Overcoat,Magic-Guard,Regenerator,65,40,50,125,60,30,False,False,False
578,579,Reuniclus,Psychic,,Overcoat,Magic-Guard,Regenerator,110,65,75,125,85,30,False,False,False
579,580,Ducklett,Water,Flying,Keen-Eye,Big-Pecks,Hydration,62,44,50,44,50,55,False,False,False
580,581,Swanna,Water,Flying,Keen-Eye,Big-Pecks,Hydration,75,87,63,87,63,98,False,False,False
581,582,Vanillite,Ice,,Ice-Body,Snow-Cloak,Weak-Armor,36,50,50,65,60,44,False,False,False
582,583,Vanillish,Ice,,Ice-Body,Snow-Cloak,Weak-Armor,51,65,65,80,75,59,False,False,False
583,584,Vanilluxe,Ice,,Ice-Body,Snow-Warning,Weak-Armor,71,95,85,110,95,79,False,False,False
584,585,Deerling,Normal,Grass,Chlorophyll,Sap-Sipper,Serene-Grace,60,60,50,40,50,75,False,False,False
585,586,Sawsbuck,Normal,Grass,Chlorophyll,Sap-Sipper,Serene-Grace,80,100,70,60,70,95,False,False,False
586,587,Emolga,Electric,Flying,Static,,Motor-Drive,55,75,60,75,60,103,False,False,False
587,588,Karrablast,Bug,,Swarm,Shed-Skin,No-Guard,50,75,45,40,45,60,False,False,False
588,589,Escavalier,Bug,Steel,Swarm,Shell-Armor,Overcoat,70,135,105,60,105,20,False,False,False
589,590,Foongus,Grass,Poison,Effect-Spore,,Regenerator,69,55,45,55,55,15,False,False,False
590,591,Amoonguss,Grass,Poison,Effect-Spore,,Regenerator,114,85,70,85,80,30,False,False,False
591,592,Frillish,Water,Ghost,Water-Absorb,Cursed-Body,Damp,55,40,50,65,85,40,False,False,False
592,593,Jellicent,Water,Ghost,Water-Absorb,Cursed-Body,Damp,100,60,70,85,105,60,False,False,False
593,594,Alomomola,Water,,Healer,Hydration,Regenerator,165,75,80,40,45,65,False,False,False
594,595,Joltik,Bug,Electric,Compound-Eyes,Unnerve,Swarm,50,47,50,57,50,65,False,False,False
595,596,Galvantula,Bug,Electric,Compound-Eyes,Unnerve,Swarm,70,77,60,97,60,108,False,False,False
596,597,Ferroseed,Grass,Steel,Iron-Barbs,,,44,50,91,24,86,10,False,False,False
597,598,Ferrothorn,Grass,Steel,Iron-Barbs,,Anticipation,74,94,131,54,116,20,False,False,False
598,599,Klink,Steel,,Plus,Minus,Clear-Body,40,55,70,45,60,30,False,False,False
599,600,Klang,Steel,,Plus,Minus,Clear-Body,60,80,95,70,85,50,False,False,False
600,601,Klinklang,Steel,,Plus,Minus,Clear-Body,60,100,115,70,85,90,False,False,False
601,602,Tynamo,Electric,,Levitate,,,35,55,40,45,40,60,False,False,False
602,603,Eelektrik,Electric,,Levitate,,,65,85,70,75,70,40,False,False,False
603,604,Eelektross,Electric,,Levitate,,,85,115,80,105,80,50,False,False,False
604,605,Elgyem,Psychic,,Telepathy,Synchronize,Analytic,55,55,55,85,55,30,False,False,False
605,606,Beheeyem,Psychic,,Telepathy,Synchronize,Analytic,75,75,75,125,95,40,False,False,False
606,607,Litwick,Ghost,Fire,Flash-Fire,Flame-Body,Infiltrator,50,30,55,65,55,20,False,False,False
607,608,Lampent,Ghost,Fire,Flash-Fire,Flame-Body,Infiltrator,60,40,60,95,60,55,False,False,False
608,609,Chandelure,Ghost,Fire,Flash-Fire,Flame-Body,Infiltrator,60,55,90,145,90,80,False,False,False
609,610,Axew,Dragon,,Rivalry,Mold-Breaker,Unnerve,46,87,60,30,40,57,False,False,False
610,611,Fraxure,Dragon,,Rivalry,Mold-Breaker,Unnerve,66,117,70,40,50,67,False,False,False
611,612,Haxorus,Dragon,,Rivalry,Mold-Breaker,Unnerve,76,147,90,60,70,97,False,False,False
612,613,Cubchoo,Ice,,Snow-Cloak,Slush-Rush,Rattled,55,70,40,60,40,40,False,False,False
613,614,Beartic,Ice,,Snow-Cloak,Slush-Rush,Swift-Swim,95,130,80,70,80,50,False,False,False
614,615,Cryogonal,Ice,,Levitate,,,80,50,50,95,135,105,False,False,False
615,616,Shelmet,Bug,,Hydration,Shell-Armor,Overcoat,50,40,85,40,65,25,False,False,False
616,617,Accelgor,Bug,,Hydration,Sticky-Hold,Unburden,80,70,40,100,60,145,False,False,False
617,618,Stunfisk,Ground,Electric,Static,Limber,Sand-Veil,109,66,84,81,99,32,False,False,False
618,619,Mienfoo,Fighting,,Inner-Focus,Regenerator,Reckless,45,85,50,55,50,65,False,False,False
619,620,Mienshao,Fighting,,Inner-Focus,Regenerator,Reckless,65,125,60,95,60,105,False,False,False
620,621,Druddigon,Dragon,,Rough-Skin,Sheer-Force,Mold-Breaker,77,120,90,60,90,48,False,False,False
621,622,Golett,Ground,Ghost,Iron-Fist,Klutz,No-Guard,59,74,50,35,50,35,False,False,False
622,623,Golurk,Ground,Ghost,Iron-Fist,Klutz,No-Guard,89,124,80,55,80,55,False,False,False
623,624,Pawniard,Dark,Steel,Defiant,Inner-Focus,Pressure,45,85,70,40,40,60,False,False,False
624,625,Bisharp,Dark,Steel,Defiant,Inner-Focus,Pressure,65,125,100,60,70,70,False,False,False
625,626,Bouffalant,Normal,,Reckless,Sap-Sipper,Soundproof,95,110,95,40,95,55,False,False,False
626,627,Rufflet,Normal,Flying,Keen-Eye,Sheer-Force,Hustle,70,83,50,37,50,60,False,False,False
627,628,Braviary,Normal,Flying,Keen-Eye,Sheer-Force,Defiant,100,123,75,57,75,80,False,False,False
628,629,Vullaby,Dark,Flying,Big-Pecks,Overcoat,Weak-Armor,70,55,75,45,65,60,False,False,False
629,630,Mandibuzz,Dark,Flying,Big-Pecks,Overcoat,Weak-Armor,110,65,105,55,95,80,False,False,False
630,631,Heatmor,Fire,,Gluttony,Flash-Fire,White-Smoke,85,97,66,105,66,65,False,False,False
631,632,Durant,Bug,Steel,Swarm,Hustle,Truant,58,109,112,48,48,109,False,False,False
632,633,Deino,Dark,Dragon,Hustle,,,52,65,50,45,50,38,False,False,False
633,634,Zweilous,Dark,Dragon,Hustle,,,72,85,70,65,70,58,False,False,False
634,635,Hydreigon,Dark,Dragon,Levitate,,,92,105,90,125,90,98,False,False,True
635,636,Larvesta,Bug,Fire,Flame-Body,,Swarm,55,85,55,50,55,60,False,False,False
636,637,Volcarona,Bug,Fire,Flame-Body,,Swarm,85,60,65,135,105,100,False,False,False
637,638,Cobalion,Steel,Fighting,Justified,,,91,90,129,90,72,108,True,False,False
638,639,Terrakion,Rock,Fighting,Justified,,,91,129,90,72,90,108,True,False,False
639,640,Virizion,Grass,Fighting,Justified,,,91,90,72,90,129,108,True,False,False
640,641,Tornadus-Incarnate,Flying,,Prankster,,Defiant,79,115,70,125,80,111,True,False,False
641,642,Thundurus-Incarnate,Electric,Flying,Prankster,,Defiant,79,115,70,125,80,111,True,False,False
642,643,Reshiram,Dragon,Fire,Turboblaze,,,100,120,100,150,120,90,True,False,False
643,644,Zekrom,Dragon,Electric,Teravolt,,,100,150,120,120,100,90,True,False,False
644,645,Landorus-Incarnate,Ground,Flying,Sand-Force,,Sheer-Force,89,125,90,115,80,101,True,False,False
645,646,Kyurem,Dragon,Ice,Pressure,,,125,130,90,130,90,95,True,False,False
646,647,Keldeo-Ordinary,Water,Fighting,Justified,,,91,72,90,129,90,108,False,True,False
647,648,Meloetta-Aria,Normal,Psychic,Serene-Grace,,,100,77,77,128,128,90,False,True,False
648,649,Genesect,Bug,Steel,Download,,,71,120,95,120,95,99,False,True,False
649,650,Chespin,Grass,,Overgrow,,Bulletproof,56,61,65,48,45,38,False,False,False
650,651,Quilladin,Grass,,Overgrow,,Bulletproof,61,78,95,56,58,57,False,False,False
651,652,Chesnaught,Grass,Fighting,Overgrow,,Bulletproof,88,107,122,74,75,64,False,False,False
652,653,Fennekin,Fire,,Blaze,,Magician,40,45,40,62,60,60,False,False,False
653,654,Braixen,Fire,,Blaze,,Magician,59,59,58,90,70,73,False,False,False
654,655,Delphox,Fire,Psychic,Blaze,,Magician,75,69,72,114,100,104,False,False,False
655,656,Froakie,Water,,Torrent,,Protean,41,56,40,62,44,71,False,False,False
656,657,Frogadier,Water,,Torrent,,Protean,54,63,52,83,56,97,False,False,False
657,658,Greninja,Water,Dark,Torrent,,Protean,72,95,67,103,71,122,False,False,False
658,659,Bunnelby,Normal,,Pickup,Cheek-Pouch,Huge-Power,38,36,38,32,36,57,False,False,False
659,660,Diggersby,Normal,Ground,Pickup,Cheek-Pouch,Huge-Power,85,56,77,50,77,78,False,False,False
660,661,Fletchling,Normal,Flying,Big-Pecks,,Gale-Wings,45,50,43,40,38,62,False,False,False
661,662,Fletchinder,Fire,Flying,Flame-Body,,Gale-Wings,62,73,55,56,52,84,False,False,False
662,663,Talonflame,Fire,Flying,Flame-Body,,Gale-Wings,78,81,71,74,69,126,False,False,False
663,664,Scatterbug,Bug,,Shield-Dust,Compound-Eyes,Friend-Guard,38,35,40,27,25,35,False,False,False
664,665,Spewpa,Bug,,Shed-Skin,,Friend-Guard,45,22,60,27,30,29,False,False,False
665,666,Vivillon,Bug,Flying,Shield-Dust,Compound-Eyes,Friend-Guard,80,52,50,90,50,89,False,False,False
666,667,Litleo,Fire,Normal,Rivalry,Unnerve,Moxie,62,50,58,73,54,72,False,False,False
667,668,Pyroar,Fire,Normal,Rivalry,Unnerve,Moxie,86,68,72,109,66,106,False,False,False
668,669,Flabebe,Fairy,,Flower-Veil,,Symbiosis,44,38,39,61,79,42,False,False,False
669,670,Floette,Fairy,,Flower-Veil,,Symbiosis,54,45,47,75,98,52,False,False,False
670,671,Florges,Fairy,,Flower-Veil,,Symbiosis,78,65,68,112,154,75,False,False,False
671,672,Skiddo,Grass,,Sap-Sipper,,Grass-Pelt,66,65,48,62,57,52,False,False,False
672,673,Gogoat,Grass,,Sap-Sipper,,Grass-Pelt,123,100,62,97,81,68,False,False,False
673,674,Pancham,Fighting,,Iron-Fist,Mold-Breaker,Scrappy,67,82,62,46,48,43,False,False,False
674,675,Pangoro,Fighting,Dark,Iron-Fist,Mold-Breaker,Scrappy,95,124,78,69,71,58,False,False,False
675,676,Furfrou,Normal,,Fur-Coat,,,75,80,60,65,90,102,False,False,False
676,677,Espurr,Psychic,,Keen-Eye,Infiltrator,Own-Tempo,62,48,54,63,60,68,False,False,False
677,678,Meowstic-Male,Psychic,,Keen-Eye,Infiltrator,Prankster,74,48,76,83,81,104,False,False,False
678,679,Honedge,Steel,Ghost,No-Guard,,,45,80,100,35,37,28,False,False,False
679,680,Doublade,Steel,Ghost,No-Guard,,,59,110,150,45,49,35,False,False,False
680,681,Aegislash-Shield,Steel,Ghost,Stance-Change,,,60,50,140,50,140,60,False,False,False
681,682,Spritzee,Fairy,,Healer,,Aroma-Veil,78,52,60,63,65,23,False,False,False
682,683,Aromatisse,Fairy,,Healer,,Aroma-Veil,101,72,72,99,89,29,False,False,False
683,684,Swirlix,Fairy,,Sweet-Veil,,Unburden,62,48,66,59,57,49,False,False,False
684,685,Slurpuff,Fairy,,Sweet-Veil,,Unburden,82,80,86,85,75,72,False,False,False
685,686,Inkay,Dark,Psychic,Contrary,Suction-Cups,Infiltrator,53,54,53,37,46,45,False,False,False
686,687,Malamar,Dark,Psychic,Contrary,Suction-Cups,Infiltrator,86,92,88,68,75,73,False,False,False
687,688,Binacle,Rock,Water,Tough-Claws,Sniper,Pickpocket,42,52,67,39,56,50,False,False,False
688,689,Barbaracle,Rock,Water,Tough-Claws,Sniper,Pickpocket,72,105,115,54,86,68,False,False,False
689,690,Skrelp,Poison,Water,Poison-Point,Poison-Touch,Adaptability,50,60,60,60,60,30,False,False,False
690,691,Dragalge,Poison,Dragon,Poison-Point,Poison-Touch,Adaptability,65,75,90,97,123,44,False,False,False
691,692,Clauncher,Water,,Mega-Launcher,,,50,53,62,58,63,44,False,False,False
692,693,Clawitzer,Water,,Mega-Launcher,,,71,73,88,120,89,59,False,False,False
693,694,Helioptile,Electric,Normal,Dry-Skin,Sand-Veil,Solar-Power,44,38,33,61,43,70,False,False,False
694,695,Heliolisk,Electric,Normal,Dry-Skin,Sand-Veil,Solar-Power,62,55,52,109,94,109,False,False,False
695,696,Tyrunt,Rock,Dragon,Strong-Jaw,,Sturdy,58,89,77,45,45,48,False,False,False
696,697,Tyrantrum,Rock,Dragon,Strong-Jaw,,Rock-Head,82,121,119,69,59,71,False,False,False
697,698,Amaura,Rock,Ice,Refrigerate,,Snow-Warning,77,59,50,67,63,46,False,False,False
698,699,Aurorus,Rock,Ice,Refrigerate,,Snow-Warning,123,77,72,99,92,58,False,False,False
699,700,Sylveon,Fairy,,Cute-Charm,,Pixilate,95,65,65,110,130,60,False,False,False
700,701,Hawlucha,Fighting,Flying,Limber,Unburden,Mold-Breaker,78,92,75,74,63,118,False,False,False
701,702,Dedenne,Electric,Fairy,Cheek-Pouch,Pickup,Plus,67,58,57,81,67,101,False,False,False
702,703,Carbink,Rock,Fairy,Clear-Body,,Sturdy,50,50,150,50,150,50,False,False,False
703,704,Goomy,Dragon,,Sap-Sipper,Hydration,Gooey,45,50,35,55,75,40,False,False,False
704,705,Sliggoo,Dragon,,Sap-Sipper,Hydration,Gooey,68,75,53,83,113,60,False,False,False
705,706,Goodra,Dragon,,Sap-Sipper,Hydration,Gooey,90,100,70,110,150,80,False,False,True
706,707,Klefki,Steel,Fairy,Prankster,,Magician,57,80,91,80,87,75,False,False,False
707,708,Phantump,Ghost,Grass,Natural-Cure,Frisk,Harvest,43,70,48,50,60,38,False,False,False
708,709,Trevenant,Ghost,Grass,Natural-Cure,Frisk,Harvest,85,110,76,65,82,56,False,False,False
709,710,Pumpkaboo-Average,Ghost,Grass,Pickup,Frisk,Insomnia,49,66,70,44,55,51,False,False,False
710,711,Gourgeist-Average,Ghost,Grass,Pickup,Frisk,Insomnia,65,90,122,58,75,84,False,False,False
711,712,Bergmite,Ice,,Own-Tempo,Ice-Body,Sturdy,55,69,85,32,35,28,False,False,False
712,713,Avalugg,Ice,,Own-Tempo,Ice-Body,Sturdy,95,117,184,44,46,28,False,False,False
713,714,Noibat,Flying,Dragon,Frisk,Infiltrator,Telepathy,40,30,35,45,40,55,False,False,False
714,715,Noivern,Flying,Dragon,Frisk,Infiltrator,Telepathy,85,70,80,97,80,123,False,False,False
715,716,Xerneas,Fairy,,Fairy-Aura,,,126,131,95,131,98,99,True,False,False
716,717,Yveltal,Dark,Flying,Dark-Aura,,,126,131,95,131,98,99,True,False,False
717,718,Zygarde-50,Dragon,Ground,Aura-Break,,,108,100,121,81,95,95,True,False,False
718,719,Diancie,Rock,Fairy,Clear-Body,,,50,100,150,100,150,50,False,True,False
719,720,Hoopa,Psychic,Ghost,Magician,,,80,110,60,150,130,70,False,True,False
720,721,Volcanion,Fire,Water,Water-Absorb,,,80,110,120,130,90,70,False,True,False
721,722,Rowlet,Grass,Flying,Overgrow,,Long-Reach,68,55,55,50,50,42,False,False,False
722,723,Dartrix,Grass,Flying,Overgrow,,Long-Reach,78,75,75,70,70,52,False,False,False
723,724,Decidueye,Grass,Ghost,Overgrow,,Long-Reach,78,107,75,100,100,70,False,False,False
724,725,Litten,Fire,,Blaze,,Intimidate,45,65,40,60,40,70,False,False,False
725,726,Torracat,Fire,,Blaze,,Intimidate,65,85,50,80,50,90,False,False,False
726,727,Incineroar,Fire,Dark,Blaze,,Intimidate,95,115,90,80,90,60,False,False,False
727,728,Popplio,Water,,Torrent,,Liquid-Voice,50,54,54,66,56,40,False,False,False
728,729,Brionne,Water,,Torrent,,Liquid-Voice,60,69,69,91,81,50,False,False,False
729,730,Primarina,Water,Fairy,Torrent,,Liquid-Voice,80,74,74,126,116,60,False,False,False
730,731,Pikipek,Normal,Flying,Keen-Eye,Skill-Link,Pickup,35,75,30,30,30,65,False,False,False
731,732,Trumbeak,Normal,Flying,Keen-Eye,Skill-Link,Pickup,55,85,50,40,50,75,False,False,False
732,733,Toucannon,Normal,Flying,Keen-Eye,Skill-Link,Sheer-Force,80,120,75,75,75,60,False,False,False
733,734,Yungoos,Normal,,Stakeout,Strong-Jaw,Adaptability,48,70,30,30,30,45,False,False,False
734,735,Gumshoos,Normal,,Stakeout,Strong-Jaw,Adaptability,88,110,60,55,60,45,False,False,False
735,736,Grubbin,Bug,,Swarm,,,47,62,45,55,45,46,False,False,False
736,737,Charjabug,Bug,Electric,Battery,,,57,82,95,55,75,36,False,False,False
737,738,Vikavolt,Bug,Electric,Levitate,,,77,70,90,145,75,43,False,False,False
738,739,Crabrawler,Fighting,,Hyper-Cutter,Iron-Fist,Anger-Point,47,82,57,42,47,63,False,False,False
739,740,Crabominable,Fighting,Ice,Hyper-Cutter,Iron-Fist,Anger-Point,97,132,77,62,67,43,False,False,False
740,741,Oricorio-Baile,Fire,Flying,Dancer,,,75,70,70,98,70,93,False,False,False
741,742,Cutiefly,Bug,Fairy,Honey-Gather,Shield-Dust,Sweet-Veil,40,45,40,55,40,84,False,False,False
742,743,Ribombee,Bug,Fairy,Honey-Gather,Shield-Dust,Sweet-Veil,60,55,60,95,70,124,False,False,False
743,744,Rockruff,Rock,,Keen-Eye,Vital-Spirit,Steadfast,45,65,40,30,40,60,False,False,False
744,745,Lycanroc-Midday,Rock,,Keen-Eye,Sand-Rush,Steadfast,75,115,65,55,65,112,False,False,False
745,746,Wishiwashi-Solo,Water,,Schooling,,,45,20,20,25,25,40,False,False,False
746,747,Mareanie,Poison,Water,Merciless,Limber,Regenerator,50,53,62,43,52,45,False,False,False
747,748,Toxapex,Poison,Water,Merciless,Limber,Regenerator,50,63,152,53,142,35,False,False,False
748,749,Mudbray,Ground,,Own-Tempo,Stamina,Inner-Focus,70,100,70,45,55,45,False,False,False
749,750,Mudsdale,Ground,,Own-Tempo,Stamina,Inner-Focus,100,125,100,55,85,35,False,False,False
750,751,Dewpider,Water,Bug,Water-Bubble,,Water-Absorb,38,40,52,40,72,27,False,False,False
751,752,Araquanid,Water,Bug,Water-Bubble,,Water-Absorb,68,70,92,50,132,42,False,False,False
752,753,Fomantis,Grass,,Leaf-Guard,,Contrary,40,55,35,50,35,35,False,False,False
753,754,Lurantis,Grass,,Leaf-Guard,,Contrary,70,105,90,80,90,45,False,False,False
754,755,Morelull,Grass,Fairy,Illuminate,Effect-Spore,Rain-Dish,40,35,55,65,75,15,False,False,False
755,756,Shiinotic,Grass,Fairy,Illuminate,Effect-Spore,Rain-Dish,60,45,80,90,100,30,False,False,False
756,757,Salandit,Poison,Fire,Corrosion,,Oblivious,48,44,40,71,40,77,False,False,False
757,758,Salazzle,Poison,Fire,Corrosion,,Oblivious,68,64,60,111,60,117,False,False,False
758,759,Stufful,Normal,Fighting,Fluffy,Klutz,Cute-Charm,70,75,50,45,50,50,False,False,False
759,760,Bewear,Normal,Fighting,Fluffy,Klutz,Unnerve,120,125,80,55,60,60,False,False,False
760,761,Bounsweet,Grass,,Leaf-Guard,Oblivious,Sweet-Veil,42,30,38,30,38,32,False,False,False
761,762,Steenee,Grass,,Leaf-Guard,Oblivious,Sweet-Veil,52,40,48,40,48,62,False,False,False
762,763,Tsareena,Grass,,Leaf-Guard,Queenly-Majesty,Sweet-Veil,72,120,98,50,98,72,False,False,False
763,764,Comfey,Fairy,,Flower-Veil,Triage,Natural-Cure,51,52,90,82,110,100,False,False,False
764,765,Oranguru,Normal,Psychic,Inner-Focus,Telepathy,Symbiosis,90,60,80,90,110,60,False,False,False
765,766,Passimian,Fighting,,Receiver,,Defiant,100,120,90,40,60,80,False,False,False
766,767,Wimpod,Bug,Water,Wimp-Out,,,25,35,40,20,30,80,False,False,False
767,768,Golisopod,Bug,Water,Emergency-Exit,,,75,125,140,60,90,40,False,False,False
768,769,Sandygast,Ghost,Ground,Water-Compaction,,Sand-Veil,55,55,80,70,45,15,False,False,False
769,770,Palossand,Ghost,Ground,Water-Compaction,,Sand-Veil,85,75,110,100,75,35,False,False,False
770,771,Pyukumuku,Water,,Innards-Out,,Unaware,55,60,130,30,130,5,False,False,False
771,772,Type-Null,Normal,,Battle-Armor,,,95,95,95,95,95,59,False,False,False
772,773,Silvally,Normal,,Rks-System,,,95,95,95,95,95,95,False,False,False
773,774,Minior-Red-Meteor,Rock,Flying,Shields-Down,,,60,60,100,60,100,60,False,False,False
774,775,Komala,Normal,,Comatose,,,65,115,65,75,95,65,False,False,False
775,776,Turtonator,Fire,Dragon,Shell-Armor,,,60,78,135,91,85,36,False,False,False
776,777,Togedemaru,Electric,Steel,Iron-Barbs,Lightning-Rod,Sturdy,65,98,63,40,73,96,False,False,False
777,778,Mimikyu-Disguised,Ghost,Fairy,Disguise,,,55,90,80,50,105,96,False,False,False
778,779,Bruxish,Water,Psychic,Dazzling,Strong-Jaw,Wonder-Skin,68,105,70,70,70,92,False,False,False
779,780,Drampa,Normal,Dragon,Berserk,Sap-Sipper,Cloud-Nine,78,60,85,135,91,36,False,False,False
780,781,Dhelmise,Ghost,Grass,Steelworker,,,70,131,100,86,90,40,False,False,False
781,782,Jangmo-O,Dragon,,Bulletproof,Soundproof,Overcoat,45,55,65,45,45,45,False,False,False
782,783,Hakamo-O,Dragon,Fighting,Bulletproof,Soundproof,Overcoat,55,75,90,65,70,65,False,False,False
783,784,Kommo-O,Dragon,Fighting,Bulletproof,Soundproof,Overcoat,75,110,125,100,105,85,False,False,True
784,785,Tapu-Koko,Electric,Fairy,Electric-Surge,,Telepathy,70,115,85,95,75,130,True,False,False
785,786,Tapu-Lele,Psychic,Fairy,Psychic-Surge,,Telepathy,70,85,75,130,115,95,True,False,False
786,787,Tapu-Bulu,Grass,Fairy,Grassy-Surge,,Telepathy,70,130,115,85,95,75,True,False,False
787,788,Tapu-Fini,Water,Fairy,Misty-Surge,,Telepathy,70,75,115,95,130,85,True,False,False
788,789,Cosmog,Psychic,,Unaware,,,43,29,31,29,31,37,True,False,False
789,790,Cosmoem,Psychic,,Sturdy,,,43,29,131,29,131,37,True,False,False
790,791,Solgaleo,Psychic,Steel,Full-Metal-Body,,,137,137,107,113,89,97,True,False,False
791,792,Lunala,Psychic,Ghost,Shadow-Shield,,,137,113,89,137,107,97,True,False,False
792,793,Nihilego,Rock,Poison,Beast-Boost,,,109,53,47,127,131,103,False,False,False
793,794,Buzzwole,Bug,Fighting,Beast-Boost,,,107,139,139,53,53,79,False,False,False
794,795,Pheromosa,Bug,Fighting,Beast-Boost,,,71,137,37,137,37,151,False,False,False
795,796,Xurkitree,Electric,,Beast-Boost,,,83,89,71,173,71,83,False,False,False
796,797,Celesteela,Steel,Flying,Beast-Boost,,,97,101,103,107,101,61,False,False,False
797,798,Kartana,Grass,Steel,Beast-Boost,,,59,181,131,59,31,109,False,False,False
798,799,Guzzlord,Dark,Dragon,Beast-Boost,,,223,101,53,97,53,43,False,False,False
799,800,Necrozma,Psychic,,Prism-Armor,,,97,107,101,127,89,79,True,False,False
800,801,Magearna,Steel,Fairy,Soul-Heart,,,80,95,115,130,115,65,False,True,False
801,802,Marshadow,Fighting,Ghost,Technician,,,90,125,80,90,90,125,False,True,False
802,803,Poipole,Poison,,Beast-Boost,,,67,73,67,73,67,73,False,False,False
803,804,Naganadel,Poison,Dragon,Beast-Boost,,,73,73,73,127,73,121,False,False,False
804,805,Stakataka,Rock,Steel,Beast-Boost,,,61,131,211,53,101,13,False,False,False
805,806,Blacephalon,Fire,Ghost,Beast-Boost,,,53,127,53,151,79,107,False,False,False
806,807,Zeraora,Electric,,Volt-Absorb,,,88,112,75,102,80,143,False,True,False
807,808,Meltan,Steel,,Magnet-Pull,,,46,65,65,55,35,34,False,True,False
808,809,Melmetal,Steel,,Iron-Fist,,,135,143,143,80,65,34,False,True,False
809,810,Grookey,Grass,,Overgrow,,Grassy-Surge,50,65,50,40,40,65,False,False,False
810,811,Thwackey,Grass,,Overgrow,,Grassy-Surge,70,85,70,55,60,80,False,False,False
811,812,Rillaboom,Grass,,Overgrow,,Grassy-Surge,100,125,90,60,70,85,False,False,False
812,813,Scorbunny,Fire,,Blaze,,Libero,50,71,40,40,40,69,False,False,False
813,814,Raboot,Fire,,Blaze,,Libero,65,86,60,55,60,94,False,False,False
814,815,Cinderace,Fire,,Blaze,,Libero,80,116,75,65,75,119,False,False,False
815,816,Sobble,Water,,Torrent,,Sniper,50,40,40,70,40,70,False,False,False
816,817,Drizzile,Water,,Torrent,,Sniper,65,60,55,95,55,90,False,False,False
817,818,Inteleon,Water,,Torrent,,Sniper,70,85,65,125,65,120,False,False,False
818,819,Skwovet,Normal,,Cheek-Pouch,,Gluttony,70,55,55,35,35,25,False,False,False
819,820,Greedent,Normal,,Cheek-Pouch,,Gluttony,120,95,95,55,75,20,False,False,False
820,821,Rookidee,Flying,,Keen-Eye,Unnerve,Big-Pecks,38,47,35,33,35,57,False,False,False
821,822,Corvisquire,Flying,,Keen-Eye,Unnerve,Big-Pecks,68,67,55,43,55,77,False,False,False
822,823,Corviknight,Flying,Steel,Pressure,Unnerve,Mirror-Armor,98,87,105,53,85,67,False,False,False
823,824,Blipbug,Bug,,Swarm,Compound-Eyes,Telepathy,25,20,20,25,45,45,False,False,False
824,825,Dottler,Bug,Psychic,Swarm,Compound-Eyes,Telepathy,50,35,80,50,90,30,False,False,False
825,826,Orbeetle,Bug,Psychic,Swarm,Frisk,Telepathy,60,45,110,80,120,90,False,False,False
826,827,Nickit,Dark,,Run-Away,Unburden,Stakeout,40,28,28,47,52,50,False,False,False
827,828,Thievul,Dark,,Run-Away,Unburden,Stakeout,70,58,58,87,92,90,False,False,False
828,829,Gossifleur,Grass,,Cotton-Down,Regenerator,Effect-Spore,40,40,60,40,60,10,False,False,False
829,830,Eldegoss,Grass,,Cotton-Down,Regenerator,Effect-Spore,60,50,90,80,120,60,False,False,False
830,831,Wooloo,Normal,,Fluffy,Run-Away,Bulletproof,42,40,55,40,45,48,False,False,False
831,832,Dubwool,Normal,,Fluffy,Steadfast,Bulletproof,72,80,100,60,90,88,False,False,False
832,833,Chewtle,Water,,Strong-Jaw,Shell-Armor,Swift-Swim,50,64,50,38,38,44,False,False,False
833,834,Drednaw,Water,Rock,Strong-Jaw,Shell-Armor,Swift-Swim,90,115,90,48,68,74,False,False,False
834,835,Yamper,Electric,,Ball-Fetch,,Rattled,59,45,50,40,50,26,False,False,False
835,836,Boltund,Electric,,Strong-Jaw,,Competitive,69,90,60,90,60,121,False,False,False
836,837,Rolycoly,Rock,,Steam-Engine,Heatproof,Flash-Fire,30,40,50,40,50,30,False,False,False
837,838,Carkol,Rock,Fire,Steam-Engine,Flame-Body,Flash-Fire,80,60,90,60,70,50,False,False,False
838,839,Coalossal,Rock,Fire,Steam-Engine,Flame-Body,Flash-Fire,110,80,120,80,90,30,False,False,False
839,840,Applin,Grass,Dragon,Ripen,Gluttony,Bulletproof,40,40,80,40,40,20,False,False,False
840,841,Flapple,Grass,Dragon,Ripen,Gluttony,Hustle,70,110,80,95,60,70,False,False,False
841,842,Appletun,Grass,Dragon,Ripen,Gluttony,Thick-Fat,110,85,80,100,80,30,False,False,False
842,843,Silicobra,Ground,,Sand-Spit,Shed-Skin,Sand-Veil,52,57,75,35,50,46,False,False,False
843,844,Sandaconda,Ground,,Sand-Spit,Shed-Skin,Sand-Veil,72,107,125,65,70,71,False,False,False
844,845,Cramorant,Flying,Water,Gulp-Missile,,,70,85,55,85,95,85,False,False,False
845,846,Arrokuda,Water,,Swift-Swim,,Propeller-Tail,41,63,40,40,30,66,False,False,False
846,847,Barraskewda,Water,,Swift-Swim,,Propeller-Tail,61,123,60,60,50,136,False,False,False
847,848,Toxel,Electric,Poison,Rattled,Static,Klutz,40,38,35,54,35,40,False,False,False
848,849,Toxtricity-Amped,Electric,Poison,Punk-Rock,Plus,Technician,75,98,70,114,70,75,False,False,False
849,850,Sizzlipede,Fire,Bug,Flash-Fire,White-Smoke,Flame-Body,50,65,45,50,50,45,False,False,False
850,851,Centiskorch,Fire,Bug,Flash-Fire,White-Smoke,Flame-Body,100,115,65,90,90,65,False,False,False
851,852,Clobbopus,Fighting,,Limber,,Technician,50,68,60,50,50,32,False,False,False
852,853,Grapploct,Fighting,,Limber,,Technician,80,118,90,70,80,42,False,False,False
853,854,Sinistea,Ghost,,Weak-Armor,,Cursed-Body,40,45,45,74,54,50,False,False,False
854,855,Polteageist,Ghost,,Weak-Armor,,Cursed-Body,60,65,65,134,114,70,False,False,False
855,856,Hatenna,Psychic,,Healer,Anticipation,Magic-Bounce,42,30,45,56,53,39,False,False,False
856,857,Hattrem,Psychic,,Healer,Anticipation,Magic-Bounce,57,40,65,86,73,49,False,False,False
857,858,Hatterene,Psychic,Fairy,Healer,Anticipation,Magic-Bounce,57,90,95,136,103,29,False,False,False
858,859,Impidimp,Dark,Fairy,Prankster,Frisk,Pickpocket,45,45,30,55,40,50,False,False,False
859,860,Morgrem,Dark,Fairy,Prankster,Frisk,Pickpocket,65,60,45,75,55,70,False,False,False
860,861,Grimmsnarl,Dark,Fairy,Prankster,Frisk,Pickpocket,95,120,65,95,75,60,False,False,False
861,862,Obstagoon,Dark,Normal,Reckless,Guts,Defiant,93,90,101,60,81,95,False,False,False
862,863,Perrserker,Steel,,Battle-Armor,Tough-Claws,Steely-Spirit,70,110,100,50,60,50,False,False,False
863,864,Cursola,Ghost,,Weak-Armor,,Perish-Body,60,95,50,145,130,30,False,False,False
864,865,Sirfetchd,Fighting,,Steadfast,,Scrappy,62,135,95,68,82,65,False,False,False
865,866,Mr-Rime,Ice,Psychic,Tangled-Feet,Screen-Cleaner,Ice-Body,80,85,75,110,100,70,False,False,False
866,867,Runerigus,Ground,Ghost,Wandering-Spirit,,,58,95,145,50,105,30,False,False,False
867,868,Milcery,Fairy,,Sweet-Veil,,Aroma-Veil,45,40,40,50,61,34,False,False,False
868,869,Alcremie,Fairy,,Sweet-Veil,,Aroma-Veil,65,60,75,110,121,64,False,False,False
869,870,Falinks,Fighting,,Battle-Armor,,Defiant,65,100,100,70,60,75,False,False,False
870,871,Pincurchin,Electric,,Lightning-Rod,,Electric-Surge,48,101,95,91,85,15,False,False,False
871,872,Snom,Ice,Bug,Shield-Dust,,Ice-Scales,30,25,35,45,30,20,False,False,False
872,873,Frosmoth,Ice,Bug,Shield-Dust,,Ice-Scales,70,65,60,125,90,65,False,False,False
873,874,Stonjourner,Rock,,Power-Spot,,,100,125,135,20,20,70,False,False,False
874,875,Eiscue-Ice,Ice,,Ice-Face,,,75,80,110,65,90,50,False,False,False
875,876,Indeedee-Male,Psychic,Normal,Inner-Focus,Synchronize,Psychic-Surge,60,65,55,105,95,95,False,False,False
876,877,Morpeko-Full-Belly,Electric,Dark,Hunger-Switch,,,58,95,58,70,58,97,False,False,False
877,878,Cufant,Steel,,Sheer-Force,,Heavy-Metal,72,80,49,40,49,40,False,False,False
878,879,Copperajah,Steel,,Sheer-Force,,Heavy-Metal,122,130,69,80,69,30,False,False,False
879,880,Dracozolt,Electric,Dragon,Volt-Absorb,Hustle,Sand-Rush,90,100,90,80,70,75,False,False,False
880,881,Arctozolt,Electric,Ice,Volt-Absorb,Static,Slush-Rush,90,100,90,90,80,55,False,False,False
881,882,Dracovish,Water,Dragon,Water-Absorb,Strong-Jaw,Sand-Rush,90,90,100,70,80,75,False,False,False
882,883,Arctovish,Water,Ice,Water-Absorb,Ice-Body,Slush-Rush,90,90,100,80,90,55,False,False,False
883,884,Duraludon,Steel,Dragon,Light-Metal,Heavy-Metal,Stalwart,70,95,115,120,50,85,False,False,False
884,885,Dreepy,Dragon,Ghost,Clear-Body,Infiltrator,Cursed-Body,28,60,30,40,30,82,False,False,False
885,886,Drakloak,Dragon,Ghost,Clear-Body,Infiltrator,Cursed-Body,68,80,50,60,50,102,False,False,False
886,887,Dragapult,Dragon,Ghost,Clear-Body,Infiltrator,Cursed-Body,88,120,75,100,75,142,False,False,True
887,888,Zacian,Fairy,,Intrepid-Sword,,,92,130,115,80,115,138,True,False,False
888,889,Zamazenta,Fighting,,Dauntless-Shield,,,92,130,115,80,115,138,True,False,False
889,890,Eternatus,Poison,Dragon,Pressure,,,140,85,95,145,95,130,True,False,False
890,891,Kubfu,Fighting,,Inner-Focus,,,60,90,60,53,50,72,True,False,False
891,892,Urshifu-Single-Strike,Fighting,Dark,Unseen-Fist,,,100,130,100,63,60,97,True,False,False
892,893,Zarude,Dark,Grass,Leaf-Guard,,,105,120,105,70,95,105,False,True,False
893,894,Regieleki,Electric,,Transistor,,,80,100,50,100,50,200,True,False,False
894,895,Regidrago,Dragon,,Dragons-Maw,,,200,100,50,100,50,80,True,False,False
895,896,Glastrier,Ice,,Chilling-Neigh,,,100,145,130,65,110,30,True,False,False
896,897,Spectrier,Ghost,,Grim-Neigh,,,100,65,60,145,80,130,True,False,False
897,898,Calyrex,Psychic,Grass,Unnerve,,,100,80,80,80,80,80,True,False,False
